52f53a3df5b149b7a33f04a187a73911	0.4641891891891892
e50445009e7c468a8fded2a3a0cd8519	0.5854054054054054
b4bb0a7ae1f9467fa4f3ebb3595b54c9	0.4729729729729731
03e79e04516f498cbd8f834f02a9e42c	0.4077220077220078
bb73ae4641a6459fa6b9943f4b40b413	0.45891891891891884
7dcad590ccd74f9e86f1997ce27a66ea	0.3745945945945946
37b52f3a2111465685f97ee47d18e4cc	0.6486486486486487
948872566c484b4db4f6aefa9b2d1c27	0.4905405405405406
7aab784370c84661b6f2620167bda2b2	0.43783783783783786
3d4fff5bf39c4ac8b1f2f762c552d07b	0.3625482625482625
abe52841f23d4802a4b1742f5c1e8257	0.5783783783783785
7d6fb2784eb2441ab974fda288e69d0e	0.43783783783783786
2dedfae4069242529abed4a3f69bc2f8	0.6869778869778869
19e62d8b0db542bb859d328740ceab64	0.4846846846846848
132c0124bcac4240ad198e759db51adc	0.35000000000000003
60e89a6527b14b1ab4af9b4ed096a70a	0.7277027027027028
f3545685e10c43bdab8f67cd1f4b551f	0.3956756756756757
a076184475774401b7d47637163a2258	0.38162162162162167
56ab0798d5b1491bb53c69f263ac2de0	0.41867321867321866
13c00036091d40f89f454430252f7dd8	0.48648648648648657
f1e1575aba4a4ce69c1ae071eb2cca99	0.48648648648648657
f9cb6ac943924656b674d149e48be247	0.3535135135135135
fc998b9217bd4dd19a35810d74a8cd31	0.47616707616707615
236addaee9f64e578c202fb04538b6c0	0.41867321867321866
31e59e58afec472fa1f34f344364babd	0.38513513513513514
41827a20ef0549d5a94e7c0ae31fc269	0.5911547911547912
c9edc983d4b145c0b66b2c47d9611897	0.42027027027027025
20f4835a347d4747823c06804995d7db	0.3587837837837838
310b801a1479441d820732983a387646	0.43783783783783786
ef48cb37889f4df786e5cc9a798e4083	0.4641891891891892
66f16f57dc9543dea3d074826e6b0f8f	0.8594594594594593
1f56a309be154560a40b97f98bb842bc	0.6486486486486487
793d01c4a8ba41cab9c3080a1c4c5240	0.3441441441441441
228ecbd7d7f048158ef675b1c30382c9	0.6486486486486487
5d297eee4a574fdc8cfb44c0bbc7f5ba	0.46795366795366805
9187d86b6c06402dab1aabed41b5542e	0.43783783783783786
7ae377077b0743e08f1c360225047522	0.6486486486486487
9acb3cceb58346b0bc5a002919a44dc8	0.5281853281853284
ae315daafbbf472482bfab4f0732094d	0.7088803088803088
e74d3a8ad3bf4a5da2ffbe56716e7c17	0.5246422893481717
13df7152e16a4d69a041b60a3584400c	0.5370429252782194
78b0b3f5a9a24273be4f00bb7cff7819	0.49984101748807636
398d448cb98d43edb47a10b22b1099a4	0.512241653418124
989495303dee43a684416db4af480f92	0.5618441971383148
ac8965577a704cd9ba079bee56c69c96	0.5742448330683625
e6aac9a356b44caeba54480e7481942e	0.5583011583011583
c9ee053c467440b28743f3e6a2d96c43	0.5733590733590734
593102439948409880c0e80adf0b9f39	0.5281853281853284
c97746d5d5c1444cafb4069ed346ec63	0.5432432432432432
ac34290335e54e818f6f77a2cb144537	0.5884169884169885
6fad77365a1f43d288d4c62e0dc9bf72	0.6034749034749034
23944638ade34891b57afbd0bdffd0af	0.6034749034749034
bc7730f66bf94374a8340b0a6339686e	0.6185328185328185
77d800c6e83d4f34bbb94ebf697753f9	0.7189189189189189
66f2e494aebc49e9880586d269f126fc	0.7364864864864866
fbfe868f830140cc906bb817387cab2e	0.5351351351351352
61072176241d4c75b0cafc68b76c72b0	0.5513513513513513
33faf749b9324447836f54e8c1754731	0.5027027027027027
dc82fc4155c24478a4daa5c4f874c332	0.518918918918919
0e85ceea45fc46bbb72d67514bf76bce	0.5675675675675675
a20bb9680bef4f9abbdb6dd87f48377d	0.5837837837837838
6218342a57734834a0f1c9219575d69e	0.42378378378378373
158bf5e457bb4a4f94a4f08a4bafef46	0.6324324324324324
89fe7393b39640b189de8fae5cddf544	0.6275675675675676
5be00f078cde4057a53e7bc6a509481b	0.5281853281853284
0d0b36ad6ee94947a35318ec7be7d3a1	0.7540540540540541
9752e27f0f2e466ea5846c668a134d42	0.37195945945945946
cbb5ae1e0df4459ba3cea4d36056b560	0.6222972972972973
b4eb48f40b6549b2bc63136e038296f3	0.6669800235017627
069d8ac906f64f6a9caaec49b7713ebe	0.5984555984555984
0e328b085b144b949e25f8e52d2ded09	0.4167567567567568
4e35f19b73dc4d47ae4832ec4f2f6859	0.43783783783783786
852d960988d84177bc56bd75f2aee146	0.5733590733590734
ce1fbd16e52945868be709dacd5eef66	0.4246621621621622
173df01377a64f9ca375ad32bd8e72a0	0.29189189189189185
9eda7ebc5b4240f8895219be3980e048	0.43783783783783786
e4ecb403a9ae43f1b6df997f965cdbd9	0.5432432432432432
689757579b124d819f98570228e6ea3a	0.38513513513513514
6020173a240c49e88978f0a09b0b31de	0.6787644787644789
6c0d8790b2f5469aae3c4690a01daf76	0.3535135135135135
7b4d9fa0991740ee8dafe165443458f2	0.5999999999999999
f8d335a1bd5c4fbc81964831e4a52ed2	0.7540540540540541
9b7ed3e0638b461fba28a1f098666622	0.4702702702702704
3a01c1e1eb9743749e2a5f387591899f	0.45700245700245706
72787463c011417cb17b3edef2a521fd	0.22702702702702698
b8d6c27ea3284a16817e47ef2ebaf558	0.508108108108108
a8ba774e988a40e1805daf80e73cdbb5	0.27140825035561883
6267b155702343f79837e29d2e420738	0.3474903474903475
77ecda591b5d415e8be2e3252cb9b74a	0.28725868725868725
46f073b731be4d33a01f7794307bc44b	0.46795366795366805
728f5849be044152bd95832250860e00	0.3776061776061777
2ee92e32dc8742d29574aff4baf92d2a	0.5549549549549548
aeb4b05ef5aa4f168435d0ce3178d670	0.5583011583011583
4bbad38290f44c9da3b9df822b193558	0.498069498069498
9471704e680149c8bfb5e96a597852a5	0.4641891891891892
fc1cf71e51a64d598498716f03f187c1	0.5884169884169885
c5f21cf0d082463abaec6ee2d46bd5ab	0.5281853281853284
782f7480ff6743d4ab0572841d56adaa	0.43783783783783786
f4f40d9adcc94c73b94cd317b9917528	0.4702702702702704
272d1e6ba7d54eb8b7f7b4bc7d580800	0.46126126126126116
e3a02bf3eb234e5da7508216e689135f	0.3474903474903475
a4ddd89606a54ed1b37cadf2cb2ab6f1	0.4114864864864865
8bfa0767b3624b47afb33d30d3507894	0.46795366795366805
55ab37e5a5c34030b9207a2e98a1b945	0.5168918918918919
7b4227bd49ae45b790005d76d0729509	0.4905405405405406
94165fff930c467f895317f867f6eeda	0.5168918918918919
5b08415702894ef885089837fabfcf81	0.5618441971383148
30e18e0a577d49f28a8cb7e56704f430	0.759601706970128
16033c957c2b4fc0af1553b9d8316425	0.5432432432432432
e42eb590c26c45b2a47f37537ccf5f44	0.595945945945946
339ed87acb734e1f923857542ced75bf	0.45700245700245706
12e5d6e5bbc54ee0bc85bc58d70cb8ec	0.4905405405405406
646411ee23ff4c50ba59eb70d613f115	0.2890302066772655
8ce7619d44004a6cafef02188a22e582	0.3014308426073132
37f14ed2372f4c049d79843ea1560f0e	0.43783783783783786
29c27bb694774cca9ed71f350da65fc5	0.45101351351351354
b63ef164363f4307911adf5e06c705ce	0.2855855855855856
d33f9617163c499995d5e5d68ad7b41d	0.3983108108108108
65bd5c0a6fa948c5b02e33382636244c	0.3081081081081081
837b7d5c450a44d1af2fd1bbe56c7059	0.3587837837837838
97b286dd749e4edf965af455a40afd98	0.36756756756756753
c4a4900972b9460f88e077ed2f35bd31	0.6222972972972973
12795f39ed0b401b9b634e05915843ea	0.47616707616707615
ccaff2f46dcf47e9975724e21af04f93	0.6103194103194103
8add94b5bb324d92bbffb5fc06202735	0.5783783783783785
d880e2634caa488bb423ad1619bc70ae	0.6135135135135135
29ff6ccdc76d485cb7c3c9add3e70645	0.5884169884169885
418500be3ec84099a41404bf7baae246	0.6185328185328185
522e3938b75b4fd98fd238147b698e2f	0.5783783783783785
c6f1fb9c85ee4c3eaa1b1e1a6f752930	0.6185328185328185
b8f3cbd845144bf788f18307e8219e0e	0.5884169884169885
3d2c2ab5652a4edea0f8988968388e20	0.6185328185328185
cc4d6c9727a34c63b94e21bcb97b085e	0.6135135135135135
e79e83787bb9414c86e229dd1bdb02d9	0.3474903474903475
8cb37ca2a5f8403c9a7bf68516d80b10	0.36756756756756753
22283751db6d49909f520346f6e53928	0.3324324324324324
3bbadb7a527743d780ef8217d7cd5112	0.49533169533169535
9c5d922b5f564f12abc96b4ed7ed32e0	0.47616707616707615
2a778f327721497ca4ab0de2c81d6149	0.675
faf14f27c8ad48428895c7f4212a2a88	0.41867321867321866
bd18e91839654150bea20f666ed2a02f	0.454054054054054
a832c307867747f4b459ca739f390ea7	0.43783783783783786
99c2dd03594547fe91a1c424017acbe8	0.47616707616707615
01c0ba88e03d4756924b5b57bbb7b695	0.5027027027027027
0bb6fd173121441e8fb2d284da5556b1	0.5432432432432432
ccb659821dc345b1b3a39d8afdf2f0f6	0.5315315315315317
6ff75c5b59534b1dbd7655c52e26ed53	0.47616707616707615
7e645d9b52de42ad8f463a90c3f7f5c2	0.3441441441441441
6333caf52a7e4bf98124345f2acd5386	0.38034398034398037
e45473c623914541bf1b428a48ad952e	0.40270270270270275
d5a07abe533445cbab6f102ff561b486	0.5695945945945946
9cc4c2ccff8e478b902009fbf780297a	0.48000000000000004
4b469de875574658a68d8bd4db8bba3d	0.5432432432432432
be0b3c976313418fadb21ffd48768004	0.5884169884169885
41a0e53a7add4769afce11903a76e6c8	0.5221621621621622
daa2c964a3e34a9a845645646b22b767	0.43783783783783786
053cd1802b2449ac979038d39010d399	0.5719901719901721
bd8c8ebd53cc4e10a9e90359b2cea4b1	0.5719901719901721
82946c270ac2417bba27ec9c5041b7d7	0.508108108108108
97ff09f82ed64de4b5f48c42df44e7a0	0.5884169884169885
b39672f303dc43d1ab38fe6237a40379	0.45891891891891884
85dc58e9a2b54cc88f152528d55b7efe	0.7013513513513514
5c49f31a4461404388f77736707c6667	0.5549549549549548
c8c4b9dd62184215ba23d9f7b26fe244	0.6648648648648647
ee31533cd50d45c4a748c4d1a3d295a6	0.45023847376788556
c3f39a95d8264acdabed8e629d77cd5a	0.5783783783783785
92e08aed47c045688e983d4a0561cb73	0.5924324324324324
6addc30e49784e90bfdde4af849efa2f	0.5336609336609337
8a621e0fcdbc4cb7b0e2f3ef768e232c	0.5583011583011583
2908c48f99544d7ca3729814377ec849	0.5027027027027027
4a98d421a6f841e8b6a5bdf69ffeba63	0.49533169533169535
cea8cfda5d8a457c8b3c809b5731b1af	0.42277992277992277
ff583a4a71ab43409d2cdc849d661eef	0.42027027027027025
4cbdf8dba6ec44d99da06fce32d0fda0	0.3324324324324324
3def8ff78af546ac8876ac50346842da	0.508108108108108
64d4361509ff48a9b9878eb2b78dfd5a	0.36756756756756753
9905edb7c24c45db80c9a7f8c211b630	0.4641891891891892
4224ed30915c4429b1dc6be65e5718fb	0.20067567567567574
3c1d01f7762846f8903e100b48fc34eb	0.5675675675675675
f0247cd6b7a743899266b8e31fc2402a	0.41564722617354205
a7a7e2be7546428299af12ec125c7ce7	0.5643243243243243
85a1f39f573e47498efb0c673f8be336	0.4846846846846848
d093b156fc4c4b62a366a75a2c10b329	0.5783783783783785
8ed7712fc33a4a248364844a6b97c7f2	0.43783783783783786
2eb71a3a087444c89794eb8aa80b5f9e	0.45540540540540536
37ac41e44e4b4649957cf4ea0ac12de3	0.6185328185328185
4c53cb4d10aa478baecf204e0a4015a7	0.30608108108108106
5fe80e7131364279ba7a989324160d86	0.3956756756756757
ffd88385a73d4b6695b801ee6f85ed1c	0.5583011583011583
60538944858445d6a1aeb74b5378c0fd	0.40540540540540543
9193aee78bea4581bf82b34e3f5bb050	0.5221621621621622
a09f8b2a109a43be8a38d6d12307aed7	0.7013513513513514
194d6478c7cf457fbabd572e359ba81a	0.5549549549549548
972a0cd7e7a3449aa0d039410f0a39ee	0.6486486486486487
2f0f247a4d8c46bea4dac89f8ac956d3	0.595945945945946
be1232f138f24d1db037104e94a0ae06	0.45700245700245706
75877cc43947440d8456efbc1a6e8ddc	0.3956756756756757
2ae0d61676d04294a517c51647e35eea	0.5643243243243243
ab7acd6c4f7242b4be0bbb06fdb7ffdb	0.595945945945946
496f185a52644e8898d7f40eef45eae1	0.6091216216216215
718a0032cf3a47908be4b6b87197bba0	0.6064864864864865
60b23ce6e0c842a3b54a08bbe8a5947b	0.6205405405405404
8165a2d5d126472ebc235f6ccd8bdb5b	0.4846846846846848
9df9ad4452bf44efab6d5923264cbf27	0.6486486486486487
a0cda737c38a498da7fbbc0bffcf60a8	0.46126126126126116
dcd9e82783284d4a9ff793835cb4785a	0.7540540540540541
53a4b45418af4791abd5b17af0447a0c	0.5315315315315317
1b2e495b08044c59a85740cef1ded390	0.5583011583011583
f980eb807bd04096aa1fee4e64b06f0b	0.7013513513513514
59b048225af64ef897862cefd7a8060e	0.43783783783783786
8b9cc62cb6504c97a1535d379e469709	0.41441441441441446
4df7c99137614f118337e55904461408	0.43783783783783786
ebc6cd20cdfd448399bda50ec24f0322	0.31737451737451733
b7c0a5505ddd480e8b4ad364305f952c	0.5432432432432432
fe571f2e3fc64f449a3fdc9cd6366555	0.5281853281853284
0783dc92f5d444349bf3afcce8b58371	0.6375533428165008
d67506f93fff477098121ab2f8d0a330	0.4114864864864865
022ff4b070d0487aa33304d1072564f3	0.595945945945946
f76954aa104e42709f019ac16420263d	0.6972972972972973
675c050d265f455c87683ce4f8f7f248	0.518918918918919
ae3f46dd26be4d41a9269c46f3f5d3d9	0.43783783783783786
cf68da0e9e3e4c1ebd0a2d935908f426	0.41867321867321866
9553670535f94dd08ba9f9a34882a93e	0.3228501228501229
2788598995ba405cb82dc54b107ae6e5	0.41867321867321866
63cf0920ab694c05bea39396c6b9687f	0.43783783783783786
8a6bba306b8345ce94cd2f257eb6ef90	0.43783783783783786
0517bd1bff174136a927bd3df3d735a9	0.41441441441441446
3258321006ea4cd986b52e6734da2f82	0.36117936117936117
6862b305c4cc49b3a758b5c40a132184	0.5583011583011583
abea04c8a342456085c367e55804bdc0	0.6185328185328185
0c796097bbf248e99b0853276513bef1	0.7804054054054055
dc3561ad57c840168434759cc4c71a89	0.7061425061425062
4e5213dcd4834d40abde8b4350b5c7b8	0.6810810810810812
4169da5ace7b416fb4972ba8da97a51b	0.4905405405405406
d51aadb39c3246bcaedb1e2676d71db3	0.8009009009009009
4de732c5cfe0432c830ac24784d9dbfe	0.2972972972972973
9d1a8950ff214842b4c840242f23a752	0.46126126126126116
ce26dda28c0e4d4481136ed4ac309f9b	0.3956756756756757
57a5460244ab4df6a8ff49ad68051e9e	0.5027027027027027
12df57fe9da54bc6a6e417ff2f99e7a7	0.4077220077220078
3b9e2828cce044879c3ca29dfd4fb15d	0.46795366795366805
4371e112b1184bcb96cb1d13b25f887b	0.6135135135135135
7643f1000bb248b19fb6147bc8b48c7b	0.5221621621621622
804139d12d794c36a2a0be1159c0ed46	0.5549549549549548
cda4440b93e04765a7411d0058ee5c76	0.4846846846846848
368ec94158bd47a28906bd92130121fb	0.5884169884169885
9790b2e7d5f7464e9d6fe0e40bc0883a	0.6064864864864865
df93927329b0472c95ef5b629e4395e9	0.4846846846846848
ad9430a0e05f41d4b25c2354a12d1c01	0.5221621621621622
089eb2f38c2b4f88b4f42286dd83d8b6	0.38918918918918916
170a9e31857744d5ac451f2bfcdb451d	0.38162162162162167
02a8214fccd9456db330760260414779	0.5783783783783785
5bb47c696e404af2bbbf37d4c946b197	0.3441441441441441
76a1d608e0ca4d359f6722bfb3866bcd	0.2738738738738739
cd6d6883795643b4b7e781f152f4f483	0.5432432432432432
d1ee9e6735184392ba60b623e44c06f0	0.41867321867321866
97669d4b01c745d38e88de7708fe2afa	0.48744038155802866
9300a8ac17964bc5a4759e89ab7f7004	0.5549549549549548
3919892f8c784b25ba97b0df307ffcb3	0.47382992748846414
942c6e6704bb42fa928eea1cafd3b891	0.5783783783783785
aefe745f00da455fa227fd310f954723	0.598054054054054
6f54ece534b7421a8c12b44455c5990f	0.4114864864864865
eed059a558f9466d9b417d0798135b70	0.36756756756756753
8617c8b5d8944420955543f434243c91	0.43783783783783786
84e417e3deeb4acfa297c2f29cefeae6	0.38034398034398037
811594a44c3c45c1961ab4e677ef9387	0.26918918918918927
5aab74ad344c467eb5f9ade701ef25af	0.6135135135135135
9d5135b0f5614474b6023b90143d2ca5	0.4114864864864865
1f7305f5437341dca4737cad4aa7c184	0.6787644787644789
48cdcdd3a2f241c48d807e7c5e0561f6	0.5221621621621622
1130d3afc2bd4cbc9b89e63c1761db4f	0.4077220077220078
d2648372c8d1422ab5cc735449479531	0.3441441441441441
dd21ece948f64c798e8aed3d835c7b93	0.49533169533169535
9655ab8824a54c71ba1c1fdce8a7d2c0	0.6787644787644789
c95a53daba374b42943f95ead7646563	0.6018018018018017
dac069767c4746d1b80a866d34a3ed0a	0.6486486486486487
90dbfb513012456b8cf244e3cb95e1f3	0.5783783783783785
e3c2e60433c1469aa3c481378e80adb5	0.38513513513513514
1f516f237bcb4a67aaa7f3164ae594f7	0.43783783783783786
853d41ad53c1428b90ab0a6248c9cc10	0.3324324324324324
c7d6830aa37944c6ba3568070a74b217	0.5144963144963144
f88e6c366b1a46f0b25f240ad5eefd66	0.45891891891891884
d5fc3f2a43164a6186ce1d603d538667	0.41441441441441446
35aaa06915294421921068ae5fdd3d6a	0.46126126126126116
5af1701ccc9f4ba69527e1e1e4055653	0.45540540540540536
577ad7c2d8d94d228f57a922d026f32e	0.38513513513513514
18f0e3beed5048b1927556366c4e5e42	0.4702702702702704
a79ae2095e984143b69dd884884d0e00	0.6908108108108109
3a6e4255ffb346718c0e0aaf89b774c1	0.3745945945945946
82345d2587414b56a7d34802941ad136	0.46126126126126116
0bc10aaf6f664c43b7c43dc050e73864	0.7189189189189189
745c6557fa844dc5b80328b1cce82d26	0.7189189189189189
066039b1f4564e468de187ff8e5392e6	0.5221621621621622
b179fe1166404dcd850f0ee69fd12000	0.3324324324324324
cfa1d1246a4e4bc9aad3397e407fa1ce	0.49533169533169535
222a932b33e044d186f6ee59ff1b4d0b	0.43783783783783786
43dcfb03f97a4c339d5a057f298d0095	0.48000000000000004
79ca6184b16c4d19b9d6ef46ead0d39a	0.4114864864864865
578fd77b09f846aa94763de186102c08	0.4114864864864865
ed0c0a84d2ed4a02afaf177e76cfa0ad	0.3587837837837838
cb56fb7d0711429ab92491a269dc9b50	0.6586872586872585
d4bbd21a7c7d48f68c9ac4eb3d4b3ea7	0.40270270270270275
c6c058d8f785403c962ad92a0146086d	0.40270270270270275
48d0e30c685d43a1b9c2ed449b93eb24	0.2738738738738739
b8c4d88972d54f0ca19af86e37b8c5fb	0.39099099099099094
5de2679b20894cb9b81797afea22d6c7	0.675
de0903bdf68448f68ec90632ea7412d9	0.6222972972972973
ed88be41b7c242c9a6049f0ae2444ca3	0.5221621621621622
d491b139dc7647b995d3287bd4390e88	0.5362162162162163
9bb97e1f21cc4b929f98bcb5a54f1683	0.5643243243243243
dc4329e2633547f9afd0011119b820a8	0.5783783783783785
bf41629b07a74474bcc61f7ba9394a77	0.5675675675675675
9efeb3b516194d49b74f833828e4fe34	0.5837837837837838
288138c2bf01477794341869839ce552	0.6954954954954955
5d867c2c633c4eb19c24c4e10a1804ed	0.45700245700245706
8c633a2f02204b1f89bdd1ec11aaf0e9	0.45289575289575285
2ac210c3c7254476b8a96ac6a2de08dd	0.5246422893481717
bd748479fcfb420db6e5495eefc75237	0.6185328185328185
d840de42f91745af8976b8082f236c0b	0.45289575289575285
1fe7d82e8aa246c0851b62f74378e2d7	0.45891891891891884
c1c1f01e56304f998c6e082a24d9022d	0.5168918918918919
44a8791697b0482f8d360469d9f9fde6	0.49533169533169535
e36ac3efde694e3e8481bd69214e81ae	0.6486486486486487
1f6c5fed8b72452c862debbe8f7a26f4	0.5144963144963144
52a323e9885447c8ac48471773e00883	0.508108108108108
872c8432d40b4980a2f8bba5f9fa0df0	0.5246422893481717
46525956e7464c0cb730b1216668d534	0.5010810810810811
57c09a8485cb4f7b9f25abcc8d50180d	0.5221621621621622
cf68e9d410c24cd7b7ab52633047fd66	0.5432432432432432
cb6399b6348d467f87a63e5adf104fae	0.5643243243243243
09ab6e5d0b154258ab6b2ad8cbd87eef	0.5010810810810811
b453fc28242c46e7b0bc0901406a1b43	0.5221621621621622
41b05612caa8429bb8488617ff1e1270	0.6185328185328185
d0418c91994b463488b94a9dac2271bd	0.5432432432432432
c4793c1c07ef40fc9886591d8a196386	0.5010810810810811
afb034784157442dacd7a573c3f5fed1	0.5608108108108107
d2212b23b8d34727bea918985672adfa	0.5010810810810811
2080155b172c40a6b2faba72b4df8cb1	0.5221621621621622
723f5d85e84d461d89c5de402954081a	0.5432432432432432
b235985e875f4a2d803158bbd0709afe	0.5643243243243243
a21997f851c84e36ba00af71c50b2178	0.5010810810810811
e41ded5d3b1a4f7db6d2f4a1cf9d1d1b	0.5221621621621622
efbd80f0f6d7428bb8b88bbee5126d4a	0.498069498069498
69c49f701ae949bca21bb6bf66b64450	0.3243243243243244
e87e26d52a64495a896335eed7e5cd46	0.3441441441441441
7f82df477b2c402ea5a43886beae1e9c	0.498069498069498
14133601ff1442a48b4debed4689c472	0.45540540540540536
753fd16980aa4a88a233a87bca2f9d56	0.4097297297297297
f5b15c9b40c34ae1aa6585f011f03999	0.4641891891891892
9e90681787f64310accdcca9d2021f73	0.41867321867321866
1556bed7ab1c44ab99ae4f9d5a8619ed	0.22702702702702698
3e98b6a4fc0e451e8f2b8555323768d3	0.4933143669985776
1ea32d7e83664504aca327aba7246ee1	0.498069498069498
b3f57c8f93754e52b6b7f17020e0a72d	0.22702702702702698
a4e71151c4df4fe8bf8d618728dab8ba	0.24810810810810818
ef73981c041b42f7b8169d5fb6dc2bfd	0.4167567567567568
e88ec0cba7e146569e8df156615d6690	0.5336609336609337
e0ff7ecbfef84468a49124530a626e9b	0.3456081081081081
b2560d90f2bc4e44821f9b4005df7699	0.39950859950859957
62572da2ea074f3091d4c347c8fef50b	0.4822190611664296
acc63a34e5ee42fd9d7c422d3fd48cdb	0.43783783783783786
a1b8ecfb05ad4e638c34a5b6bb1f1b89	0.41441441441441446
82a612d4bc9e4596896def477b91ba49	0.5010810810810811
4f090b5534f149869c755a65b0810f12	0.41441441441441446
db23c5d845d24c87bef01d7eb2fa3f00	0.41867321867321866
80af9a4bbae44b15b46362a93db04ead	0.5010810810810811
4c66becbacc341a1beb050930545f770	0.40063593004769477
914188a1d754486987eeb9d725a66fc9	0.3926640926640927
c0d0219bb24945f7a6d2c711eae5ba86	0.38513513513513514
aec48fb9d0f8436faafa6eb313c421a1	0.3535135135135135
ae1f99e29c5344648ce2e683daa88007	0.5884169884169885
3a71719933f44c999634dc71525d78ff	0.39950859950859957
40d8807996a347fabd098c29c9807de1	0.7189189189189189
d44fcb079ff942008182cccf0e3c96d8	0.47616707616707615
869a70c6417e43adb124bd7ce7ada22e	0.5854054054054054
430d8fb843fe4444be681c9f94e8380d	0.6018018018018017
129f0577fbb84f65b7c8699a308de4a0	0.36756756756756753
f9b826ab3aa940a0b40b86306f81443b	0.4167567567567568
815bad8b366d48cfae202a0adfb276fa	0.46795366795366805
08d398d1116340b5bf95a8318fc4ae7a	0.518918918918919
13ab8ba6309841f9abc80ab67835d242	0.5144963144963144
6d6575771d67449bb9c6a59165e29317	0.48648648648648657
aa999f096a9442c5bccb375317a05e53	0.6018018018018017
bfef798402364fe9a9b571be318a1629	0.552825552825553
c183c90aa92c4dbfbf3a25240cfe8dec	0.5583011583011583
5b1fc4fa963f45a6ba33f7a672e980d9	0.5884169884169885
5aee36b431d74107b4d2e28bb9fd26e3	0.7657657657657657
dc53e542a2294d94bc65e4b290812ae2	0.7540540540540541
4f25108f07f546c89ca2e2f2747e04ed	0.3474903474903475
56e6ceba5acf4be0848f63348e7c2b7d	0.5695945945945946
89b07a9c339843b8b1d2b230839441fb	0.4905405405405406
ed78012e0db4484493f1403853147696	0.518918918918919
50d43aeb01334896af54bd67d05528ef	0.372972972972973
449d656348294a54b28bb02ccdc14001	0.4246621621621622
c29bdebd859a4d6499c9bda14ca42006	0.5719901719901721
2b3355f8a1bd45c3ba125c58a40293cd	0.6486486486486487
1b4d5cd0689b4fe988dcdd2021377ae1	0.5027027027027027
369b12a17d4a4edc9929d091a3f51dc2	0.49533169533169535
5f1694723cf54e70be019ec305c93214	0.6603603603603603
3ddae6610ee34488b28f2a9065848179	0.556418918918919
f879c76fd3404f6e96d7c82855364db2	0.5695945945945946
9e4512cc3959423d8abf46c7c3f666ef	0.6135135135135135
52d0c268fa994450988ffa048422ccf5	0.6252252252252253
e99c130a03f64c10a8b47b994c084227	0.5990461049284579
3ac18117d62147f9b4b2a98421892a83	0.6114467408585056
1c9f579dd6ec4362ab2649017d4fd416	0.5432432432432432
0167ec29ebfa457ab1e003fef96d5d75	0.5583011583011583
b3a500bec3714a1b82b05434a4bcf3a9	0.6091216216216215
968f3b6e686a42b88688c5684c9c6cb2	0.6222972972972973
997bba7d1f20489ba9a0c96986ee513d	0.5924324324324324
e019863ca4e54b62bc152b2e54ee86bd	0.6064864864864865
82c4d016af104d4f97a5cefe92687440	0.4905405405405406
1a7c2da5c7ce4c4b969194e48fecda4b	0.595945945945946
6fbe34ef26c248f5a19553f65ab87487	0.6294840294840294
583bf93eabd34bbb843f4a508a393db3	0.46795366795366805
35153238d8ca47cc8f2037bba12b0f5c	0.5281853281853284
e4fbd803f8e34757a52091363b7c4305	0.7636363636363637
3f068b3ea5104aed807a6f1b227c9916	0.46795366795366805
057e4cebe9b34a5180d3f7edec87e2cb	0.508108108108108
587e3639d4804512ab6288ca85994686	0.498069498069498
7ce2628604b742d3abc7271c264744b4	0.40270270270270275
35a8f0ef94494a22a73eba31697fa0b0	0.6881756756756756
07d24b4ba98d4f4cb831a5d10349f47b	0.3956756756756757
8ea3bfe6e4914c1eb498c7bef2964ef2	0.6103194103194103
60624680f7fb4405b58f142d0bfbee03	0.732972972972973
d4fe4e74754f49558798d9c1815eb12e	0.747027027027027
30eefe123e33462392472713910c0f66	0.37927927927927935
1608940131b54279a9a8b0046de42e31	0.43783783783783786
a90a13e859f044d9bfa0e5118c9b78ec	0.40270270270270275
7c14c84aa2e2482b8bbef7fcc211cf52	0.45891891891891884
2b46a061f2f0406eae66adcd8d05cfbd	0.48000000000000004
b766b6d868bf41db936bd8abd4645f51	0.5221621621621622
3516b2df30fc441aac159a3c9c804057	0.6486486486486487
4cf7723418944d12bb55c0efbf84680a	0.41441441441441446
05f16b9919294a70a877cf300162ce77	0.48000000000000004
8ab37dda7b494837a138c11dee2a0ee1	0.36756756756756753
23f745bf9f9347bc9998c253b6010d18	0.4167567567567568
ef268614df0e4f89a2ee034bc725acbc	0.4114864864864865
6ef5053d00ef44dfbf208b4cc71b53c5	0.6324324324324324
f4c93cda78ca426bae173123f89192c5	0.6486486486486487
6bc5aebb89294e0b944cbaac76668745	0.43783783783783786
82880565d5d74290bfec76d8fe5745ab	0.43783783783783786
dffe41a313e24d5dba533e54988a595e	0.30608108108108106
86f85ae1848b487eb60b0043200e5ef8	0.5719901719901721
7af2c8f7f6504d218d56487eaf55a37e	0.2820211515863689
06ad24e9fdb04a55b5060d470483d152	0.4641891891891892
05e3a009a9834f10924c2ce9474dc3c1	0.5432432432432432
505718758060444d8105bdce87ff1031	0.35103338632750397
720f4a6ebf204ca08b5ef06a369d842d	0.38513513513513514
c538a89fbfd244c6b8aed7b7fc8a8798	0.4114864864864865
aa9d0d65b26a4d048fc10b7cd4857353	0.43783783783783786
c714e37eaf1642f5957562c7c39e8578	0.41441441441441446
1d8404f97aa3457fa3a555b571c1b36a	0.43783783783783786
f9292ce7680d41db94ecc962c6571add	0.20067567567567574
5ee553d37b7c460eaea5ff4998e2a4b5	0.21385135135135142
12a714ef3cc149b8af7248c38f012727	0.15173745173745173
74c79289da284febb00bc412294bfbaf	0.16679536679536683
aea295f33ef34385b94f4e1789a87ed8	0.2492176386913229
c9da0995b4644677981887c2946da5e8	0.43783783783783786
7448b698681d40f2ab47bb13fe48c7e6	0.20067567567567574
f71d0be649bd4c3792da8655012ff7fd	0.38513513513513514
2eced1a3da544051a8d37f37f0f36f8d	0.4114864864864865
afe8accdd196430d98dec2126e848b4f	0.43783783783783786
f360ec058674491caa7f14b56de90e2b	0.41441441441441446
c12ae25076b04bdf83b78cb281a506a3	0.43783783783783786
3a5d091b1d5d4f8e8c578ffa46b67662	0.20067567567567574
bb91cc41c155413ea1fdb0989a2851f5	0.21385135135135142
0bb4f92e27474c09974293ce133bba4d	0.15173745173745173
64210215f1764d18b4888632ed093264	0.16679536679536683
43d57ced5ab94c9a9369b3a784820ddb	0.2492176386913229
8286c55caa35481493cfcf837821f70e	0.3535135135135135
09a38915db514912a93b8ba2aca463f2	0.5643243243243243
b4abebb98fca4a69b41b0d0ec9d7590f	0.5432432432432432
509cbe7492e6410b981e0ffa7cad303b	0.38513513513513514
10846182ac0d40a59a9f1b73ac995833	0.43783783783783786
3a135211f4484922bcba38269b8f7b7a	0.41441441441441446
27fcb60e80484877a618426de7814d9d	0.43783783783783786
2610ea57f2a249ec96748ab7b5ca8fe1	0.4114864864864865
490ffb14fd924cf484465e41905571cf	0.5281853281853284
45d50d0792104538bafb3467f088137e	0.43783783783783786
686cfe959490453982ce3040534327c3	0.20067567567567574
be3f441cbae647508333035709279f79	0.21385135135135142
b08c28216eb24b13b0d709a973dbf836	0.15173745173745173
83eb1d488ca94783b7630899a8669612	0.16679536679536683
a73dd22d1b4940a4bc84cab61ff5aaff	0.2492176386913229
51913602e01a4ef38170c2c7bc8b9060	0.43783783783783786
aeacc12f870744af812d739688efa9ac	0.20067567567567574
19b438b210cc4ca6ae5784be090129d1	0.21385135135135142
21ddcf851e684a43a204f930c0d6dcfd	0.15173745173745173
bd83a21da1ec4f7dab73e5de235d495c	0.16679536679536683
53ebdd365c7c4078b4d0770470a370ab	0.2492176386913229
26e640d591ea47ab861bba383d586d70	0.512241653418124
052953fe7ca447c59b613b45bf9578d6	0.5537837837837838
681f11fe7f914eba9b1ea75fcbecda0e	0.5010810810810811
b4f87be2d51f4d7ea148a2bd058a3d15	0.4641891891891892
3aaa46dd23e243d49c95e139aaeb416b	0.45700245700245706
3018150fb6414f07962b67412c79decd	0.3823613086770982
31f13c434fb9456b982c3dbae68b9552	0.46263910969793315
17c75ef0146c4f38b0bbbcea4a4dc3cd	0.5783783783783785
8b0c78339c2c43da81f1e997175032aa	0.48648648648648657
c97a4c240c534f80a6beceeb2c4d1fd5	0.5432432432432432
55e0ae9381a842878110918fdde08655	0.732972972972973
85d318e8c7d247c3b674d0857d43b13c	0.48000000000000004
de2c93a0aa8a4bbea76d481f4d2c2b91	0.41441441441441446
5bb19784f837477aa876e6bc1bd61d68	0.4905405405405406
dc35e582e94342e58cf0f6ff5fbbe482	0.6264580369843527
48f43072a7934b7abc49adaaa8aac403	0.5432432432432432
2ea9f1f26209416181d60ad3f2343c55	0.39099099099099094
2598c236c54b40f5bd6206aefd691c0f	0.43783783783783786
6f63b733595c46a9affde7373dce5637	0.48000000000000004
14425d5595b94c26a29aa20ed5539dc3	0.46795366795366805
848275b4e7104baf983622511388e650	0.3228501228501229
44f654baa242429abc003e4f144b1ff0	0.39099099099099094
2d134bb4cf284eebaa6b2ced1ab0db50	0.2972972972972973
641aa10b6ae14d93bb5a2d655f88a138	0.45891891891891884
a5d99899081e4586abc74f8fdc120701	0.35675675675675683
a3b7ef8b046e4a4c9f6990c9c3e885a7	0.3036855036855037
6c3dad0b26524b768776a4fdb5c4ea1b	0.40270270270270275
15dec86c954c473887ae4d57d8067a9a	0.45700245700245706
0984596e08c14295b71e0debe1f25543	0.43783783783783786
f9548923c0d5460995f7596b46b62eff	0.2972972972972973
b6baa3e2f40b4dffa86f68c0facf919d	0.738996138996139
e0a66d00091641d68e9f445f7951e68d	0.5315315315315317
d8ced028ac1444618f21bc073b1f52f6	0.5884169884169885
02cf2a86a0584e4e8e8ce2fd95c1b0b6	0.6185328185328185
e2c43e56f2b64697ac86d1abf35719b4	0.6787644787644789
e71f6319bfb3432597fc06d60ec5872f	0.6222972972972973
774e5896a3d544d684b3bb4340188038	0.595945945945946
8df444d850b5461580bb06cc4a19e517	0.5010810810810811
14152781c0c64fe082c3c59014328a25	0.48000000000000004
c1a0224c126245dca8d5bf308e53d7e7	0.43783783783783786
add60dad1c30461b8f1195f0eb403dfd	0.45289575289575285
30ca8631bd0a426985155d5153e136e9	0.48000000000000004
9dc769e764a049088bf758ca8ea44597	0.49405405405405406
5c6bf563e4d44403be366c5bf6bb0065	0.43783783783783786
0ffd3f643f0746b38990e3e02c71ef5d	0.4729729729729731
8928b775765e4805923c7ce097e9d89d	0.37195945945945946
8fb19db6d1c7404aa865978ad7495105	0.6042674253200568
35fac772f5b74fc0a4466e2f3c5705e7	0.3324324324324324
dcf8bc908b3c4654927eb0f9a992c6f8	0.2972972972972973
f989d9a3ca754050992a130e4f032b39	0.5390270270270272
f66e52ef624d464e8cbfcde4aeda7781	0.46795366795366805
a4494195d07e4098b3b328545e62a90b	0.41441441441441446
744c79127d4c4b16a401914ea5dd5cd3	0.46795366795366805
ece4e2e7bf874e0a8ec1aa67c75639dd	0.2972972972972973
a415d387432b4c1d9aa7d60e8640e155	0.4905405405405406
cf9520ce4ace4a75b0912d757d3b2d13	0.43783783783783786
cfce5ab5ea5346b2b3c52075f4360cf1	0.40270270270270275
c1fdd0eca7a049a3a5cdeb5f78a25bfd	0.4641891891891892
5f6a19bb6ca14969bb634ab7e8f9e20f	0.4846846846846848
35bacb70dc2c4bf688c4d9348742d55d	0.45891891891891884
d02937f45a4a4764881b637dfe861d4a	0.6486486486486487
fbc0604c6d43491b82695e2bc4e884e7	0.43783783783783786
7da69c1fd3c94f708a8b6241af8af72f	0.5643243243243243
f978e741d9d549e2af26f5c0387cfdb0	0.595945945945946
2b8b21cf646c4e0a8636bf327e5f8eb8	0.5583011583011583
a0338d532d2040ceb0cb530a943af6ea	0.595945945945946
029bee3f984d4582a3236d5f93c0b560	0.5695945945945946
3e29879714864100a361c75b35f9d06d	0.595945945945946
b27cdbf6ef8c46e9aeb54d50bcba37e0	0.5695945945945946
eef827f3846a490db2a73b22f72e47d7	0.4547027027027027
ec099f2b3eea4b5db4a78b62b92ef024	0.43783783783783786
8310254dfbc841ed98e6a0f4061aed46	0.518918918918919
51968878a784467aa36237f9d228dfe7	0.675
831dd7a663204273ba11412760508c14	0.6881756756756756
9ea5924e565b4e11ab9388cc1b0500b4	0.5783783783783785
07c18e2ece424225a7a31785d924ec16	0.6222972972972973
9e2b6b7d4a4a4563a3439fe2171014e7	0.5281853281853284
b64a9ca5ee0a44979d2c73e5f1f2b779	0.6185328185328185
91a002e3e90141f18b336217383e9516	0.6324324324324324
b6b4f987b88948799c5eeb1ef3a205e7	0.3535135135135135
9a8e0761c5864e888d8c3be48b7b392a	0.43783783783783786
2d735f7e630145ebbddccd12e7d66769	0.552825552825553
d84174a40254419c9952863a8d8c7d84	0.5315315315315317
2e2dc345d96f4491978ba64934dd8449	0.46126126126126116
c4089cab88514541a27b7c35969d315c	0.4216216216216216
e9ab0cd8bbf64ac3b2a621db3ebb7083	0.4167567567567568
f750b3daa8c34dd8950c2cfbf4eb78b2	0.43783783783783786
5283cea099134876a25d099ae2602d28	0.49533169533169535
8fe82a8e54904b69913177f3cf4bd319	0.47616707616707615
c1fc0d8eda40406b9b1eade8f5324f66	0.43783783783783786
67efb9fb6ae34a22acd0b7c4ab0c4997	0.40270270270270275
7d887b9c88754468b2254ac21556a847	0.3745945945945946
293d32df29164abaaaab0f89a535a1eb	0.5884169884169885
5b5beef49c3e4949a81b1655d3532ecb	0.6486486486486487
cf48546d5a474e24a7d8a758f6150f8d	0.4702702702702704
c75ee1d1377f4fa6a3431e5e07253839	0.6018018018018017
4fea5811960e4b91b281c2452b1d8c4c	0.6018018018018017
2002371668e449f4a33653c6d220ebd1	0.5783783783783785
91b24953ffff407da5cdb848c350ba64	0.498069498069498
90f29879aaf44ccf9fd559d8a9261694	0.5675675675675675
6c0f2494b8d2429ba74129d0f5d1dd3e	0.3324324324324324
16dc6483acd54aa5868801a37f64e5c3	0.5256756756756757
0ec52eff14634e389e1582285020174f	0.6486486486486487
d807aade58fa49cc8d7da5fcf644d3e6	0.29027027027027025
d235e83d03924d19861dbc3c265c00ca	0.4272972972972973
a93dc98ed2e14e5e8cb0ee32fc777ea2	0.35000000000000003
cb6bacfd67f04b1c98d4dcd4fbd54749	0.4702702702702704
f414c4c4337c408093f1c3a249bed60e	0.43783783783783786
a4462161fdc64a7e9991ef5e3b724211	0.508108108108108
468efda790f54251b9301a41255d6168	0.4905405405405406
8ad054fa7b9c4d10b97c8a0d423e889b	0.508108108108108
1c2ecf56a472497781b5d4bea923549f	0.4905405405405406
720f69b921354eeebe0e8112d15efa61	0.4905405405405406
34961a13a9d245498828ce933aa6de33	0.5256756756756757
7c965504ba4841eea08e23c05ba56c99	0.508108108108108
ab527d435ddf4e748806ea3a9efa8d39	0.508108108108108
d4b87bef611647e990c8f4c3b794ce70	0.4905405405405406
d407d920754042bfa81c23107c3bd543	0.5432432432432432
a4a7f8fbdee446c5a595d3d079223cca	0.4077220077220078
4e252a80556841f3a98da241e0fe86d4	0.6310810810810812
2856302bedd4413b825e7e05bc3095c9	0.5168918918918919
a6b8b10eb3074a1ea0c987c72788aad8	0.3956756756756757
c32442736dc646b9958b51936123a8db	0.6810810810810812
e01904c98fd84b3d84808b0b142a5215	0.6972972972972973
792a16dd62ee4855a6964d30a9747001	0.5221621621621622
8e7355801dd84f639a8fbe58a1621ac6	0.5583011583011583
cc2c67865317476b9cd8d35c45ea0350	0.45289575289575285
3b73ee7989ba45d5a973af926cdb7ff4	0.45700245700245706
4e661b5e64b04eec8d503f68c6a84fc5	0.42277992277992277
aaf79b653f0a47cf980820e323cf38eb	0.5884169884169885
a8c229524f1148d8b581de1d6272627c	0.2972972972972973
fa344f2838ec4a6ba25d109fba958e76	0.3956756756756757
5dde4a6c1ec248b7a5945182d106dcc6	0.5783783783783785
b36967955a00458a8361df08b3823676	0.6018018018018017
c1ed90ae59e749d49930d386fa2fbec8	0.5695945945945946
6f87fd43376c4ac9816e1e8b604d813c	0.2972972972972973
5ffa1a8b451a4dc8a928922363f89c23	0.3956756756756757
d1c71fcf0a2844808e161273169326fb	0.5010810810810811
c5c98ca6544c46eab8027a9cff9b8fd2	0.38513513513513514
ef91bfed485a4426814787650f406f0c	0.4077220077220078
4a8b557e4edd4e3ba26e89810473b0c0	0.28725868725868725
d5c6af687e8248c2b901738425ab6dff	0.3441441441441441
f28f558cc087473f974e61ce58e39cd4	0.3956756756756757
5921f17bd67a4e5b9a48590b915ff6c7	0.5884169884169885
2e41cfb717454cbab5e9932bd9a18410	0.5783783783783785
3a46f2b815664919afa03ac76cdf4b96	0.5221621621621622
a32111828d5c4e33a513485b3e0bc65b	0.5027027027027027
10fcc52bad7848bbbf7dfd9b0b19ebf4	0.45891891891891884
e52aead6996246f8a04e7fd50fcf44e1	0.3535135135135135
6dff54d9ad45499aad74d8cc77f180f1	0.43783783783783786
af3ce584267e43d78545817cd96daf6e	0.47616707616707615
773c58511ff74b1f83d68a4ed6a883c4	0.38513513513513514
7cd8671795b44d4e8587ab078bfa8bb9	0.3587837837837838
a5215786000f40f087df61c343cd799a	0.5549549549549548
7d2024c5df764399b46e0af4f05ed8ed	0.46126126126126116
43cad2fd4d8d406a947e7a4bb0a82072	0.46126126126126116
cdeaf68781f8400bbdb9299e022f7b7b	0.22702702702702698
e8e0ac0abbc8482781262e2b9ede188e	0.5221621621621622
68c8d736cdb9446ca4f3997ec490a324	0.4167567567567568
77da892a8df046e0811c3865b3f4d450	0.5221621621621622
643efcd2148f49169275e1b7c1ef8dfd	0.4167567567567568
0f9ec7c5d4704e8bbe8282da2e55299b	0.5256756756756757
fe6b6c058ac345c58909400fe6d9f86f	0.595945945945946
366b666526bf44c5b0b0e70cce5635b6	0.6034749034749034
858c2abea27a4b9d8bb840aa1b560d2d	0.6185328185328185
0ec6ebe50d7444dfac96ef012029ba2f	0.31737451737451733
4eb15fb8550a45e083029cd843751c80	0.3324324324324324
8b12f3f254fc4c42b91af4170705b6a9	0.6294840294840294
7f86ad4f24754091abd724e6413a0262	0.5643243243243243
026c32228ac84918be6177d90a7b8e71	0.498069498069498
bffe77b5f33f4d04930383726aa408c3	0.5432432432432432
b63aabd816c1469497174d99594c0843	0.6294840294840294
3617af679cf140d9921d76116fec5e19	0.38162162162162167
a28ce39691f8457681790bcaa6e629d9	0.3587837837837838
07eb3cb299624b9c8e57bac8156f911d	0.48648648648648657
ea90c1bf27f443d4ab718141d2bbde2e	0.4905405405405406
d71c9b5bd9164657854ba9bfdcbedafc	0.498069498069498
4877bb015504409eb333bde028b7843b	0.5783783783783785
4969606c92d04c06a2d337c81a2d7900	0.4702702702702704
67df464f219941e5a16fc2eba33b2548	0.5037162162162163
8d541a4e5336480f92fc86d5e0d58576	0.4905405405405406
eae8eee6fc5141838188f471853025cc	0.4729729729729731
8b22a7b97e45481ca033c88da6a29a0e	0.42277992277992277
2f624327fa314804b8a24b8a869f8a27	0.49984101748807636
6fb42678cc784a45869962768a53fa65	0.512241653418124
749c1ceadfa1498fa788fd77675bd186	0.49984101748807636
babdc1129c85428d91c52fcd3bcaf155	0.512241653418124
1e8a76dcd7d3425ab04e66d131310f62	0.49984101748807636
9c28716bcf474265b008307dd28cc249	0.512241653418124
98bea5339d1049cbba82f6e3d55c595c	0.46263910969793315
8b2659f07f8e46d99a9f953d60fb60f3	0.3745945945945946
41786ccca35e4b35b6494eaf6a68e152	0.5432432432432432
f6e58ed09b6d46e893b6a42de8737da7	0.48000000000000004
0e38d01ad03545efadfe8384561af6f0	0.38513513513513514
09b93fd7af514bb69076ced72ae7921b	0.45891891891891884
450a9f1b44ce475bb815b47899a2fb84	0.41441441441441446
9d2987b012404b60939e10a72c4a0336	0.5221621621621622
91618a70ba824de79d94d0c2d0303fd1	0.5010810810810811
f198c8cdb7bb4b4a96891439e80f0748	0.5502702702702702
9ad8d6da0fde4034b80f22a8e617e55d	0.4729729729729731
9f2f9aaea7f044ec8f57897fbfb6b352	0.4846846846846848
e55d93e3bb7f490b90045710ad6fddf1	0.508108108108108
049ee836f80d4a369ca5f2c1c82aed94	0.5198198198198198
2b4e3a663b6149bd949f0331425a1e91	0.5198198198198198
6a2775fa8c564193afa9d86b22947bd6	0.5315315315315317
9b4b8934bf1a440aa312189fb857bde3	0.5719901719901721
11c131644adf4b7d82f031f1a7ef34b9	0.595945945945946
bbf11a733bc0450f8a624b90c909cb51	0.595945945945946
079e97faf8284bf08b35bfcfc20d90f3	0.7189189189189189
690c3bbf0efe414e856cdd4c0e4ec4df	0.43783783783783786
634ca6e28e924c278e5991269866b727	0.5695945945945946
23f949b78cb04b9c9ac190d8d1d43509	0.45891891891891884
91e98c2b2f104b92b9b7ce42d175ae48	0.43783783783783786
50b462fd9f8b4dab9cbc6cc43776085e	0.3776061776061777
34bac52e4cc04bfba76b8ea7fd48f735	0.498069498069498
81b5b882aff34be3951c66979cc28855	0.43783783783783786
28bdfb60745348aba787db1ade8786e5	0.48648648648648657
5163cf75b3bd4b86a107376790c100bb	0.5027027027027027
d42411996f2745329eb2fe1a28c8f433	0.43783783783783786
bedb09896e9347d3ad06a71e7a9f99c4	0.45101351351351354
58745c4024664023b681be3dcd32d5b3	0.4905405405405406
9552fa2529084401a10c4942a0f3b6ba	0.508108108108108
705a7b786e0247408340e482a51ad4bf	0.552825552825553
e582bfed3ba0454fb0699ff4ef659859	0.5037162162162163
587bff7ce3984ff8942097a81d664d70	0.48648648648648657
eea63a8fd14c49bd9987495a5b5f1e01	0.5027027027027027
72a1562a2c474cf0b772c70e79245fd7	0.4702702702702704
911fcc67815a46e4b4b5e84626cb66d6	0.48648648648648657
25ce7e4b11cb4a548d1fbb59b9a5714e	0.42027027027027025
07a4076315c24a2aa9edbb369901864c	0.43783783783783786
7aeb7cc5aa8948079cfffaecca69b0d5	0.5911547911547912
5a4ba7f0a8cc4b289b07610e12d9377a	0.6064864864864865
7781157cbc7546b0919a1305267e9110	0.508108108108108
37a47a1490294076934aa151446af91e	0.28725868725868725
785c9d2df240475391330ab2110c4368	0.6294840294840294
35435a1ad31342e9916c46f9b7aad86d	0.6185328185328185
dd4effaec1c0443ebf888ae7eb782193	0.5281853281853284
e9cd8919ba7c4737ab1322728419b668	0.5281853281853284
e5852465bef2457f982e24c09fa2eb97	0.3535135135135135
1d330272ba9d4bb28f9eaf7eaa047f89	0.5643243243243243
5030d8043f4b4fbd870234a55cfa1afd	0.4114864864864865
0cc54332bbdd48399f0aa97059910e66	0.3587837837837838
e69d2f0dbe4d4683905dc2109fa83192	0.5010810810810811
1df986f79de943f39b2e6765f7e4e221	0.4114864864864865
ff5a841968c24348b282c3ee9d7f9be4	0.3441441441441441
290c589b747548b1bc162b81a3791294	0.48000000000000004
6c54db526446455fb7b7c0565f49e9e5	0.2738738738738739
3ef83467edf04b5f86649444fad01129	0.46795366795366805
5b7e29f5a87f4d4685059d987424fc2d	0.30608108108108106
48e6a58a6f3d4685992aa90f53a71880	0.5783783783783785
7da371b8aa1f4e08bc0cc65674df09d2	0.43783783783783786
21c3bcfcfd0b4f49b0663f8325b852a9	0.40621621621621623
53d0aeb3b88d47b3a0195033bb3682d9	0.5144963144963144
e181383c23164cd1bd39734e9e2864e8	0.43783783783783786
d40dd232e1234469ae595fcf4075591b	0.6627027027027026
1b9c9e5278e042438e095a1633a9f947	0.6767567567567567
c196c72307ae4aefb957ee0c2b5d2cc2	0.7013513513513514
b22200e6d4ef406ea969d3699ef8f98c	0.595945945945946
95992303b5494dc5bf905409f7d55f31	0.6486486486486487
67c0ef712d05495f90fafabb525677d9	0.5131274131274131
ee59fdc90e204ca493fe41e83d9caee7	0.3474903474903475
1fe7cd5fa2484dc7bfe1dffe3a0acb94	0.48000000000000004
36ad8bcf8fb24a619308d80213925a97	0.43783783783783786
4a3205c138944bacac6066fbad922cea	0.6345945945945946
88585b51e79c4a4b9dccbabeb4f8e1d7	0.4167567567567568
e82d95b5a12646889e4880419ee04142	0.35675675675675683
eef9a2ead78b40068629e4da4082352b	0.39950859950859957
ab20e50d056149ab9c0e678ed6fd4ffe	0.4114864864864865
9e2d414648d2409c94bd78513db12c60	0.4846846846846848
f8f26ed6832549b5bd64f7d365aacc62	0.6486486486486487
2761997dc4d641faadf24fea5afd5065	0.5221621621621622
43c1721413404ff189dc73ad14542c4d	0.5643243243243243
d1f41867550541ab93207d4f1af4afe6	0.43783783783783786
c25e38bdd17e4a63a3e75e1fe6a33d8a	0.45891891891891884
a0ba387bde45499da82d94b84d391414	0.7088803088803088
32fd0398701b4a048c4f11b68814c5d8	0.6486486486486487
05b667544b0746c385efb355d704e3bb	0.6853113983548766
c79a0677e1a64e8db07b59a99432679e	0.6386100386100386
952118b684e9463896ceb6186e95fae0	0.5256756756756757
1475822ad3d145d8baec55139306b906	0.39099099099099094
93461694c731454e8c88175919342dc7	0.4167567567567568
d4eb00e461b1463aa8f5247f9090ddb1	0.45700245700245706
c319e8e4f5a5465589c9569c0c4e9bf5	0.5583011583011583
684a03e1ecd447539fd6c4cc9f2ca78c	0.47616707616707615
7a340f4b5ec54a87a2f0308b5144d891	0.43783783783783786
c9d20c246bce42178025926ef1909c10	0.498069498069498
d34218601e8246db939372819aa35089	0.47616707616707615
8951abb8b2904c1e8b450a08385e71f4	0.4097297297297297
a44f8f368a974872bc824b8cc7bd7a99	0.4077220077220078
50e94464c3d84b06978c560c6885809b	0.43783783783783786
d4ae5291ba334c48ae8cab1c975443b4	0.372972972972973
6d8dfcc8889a46b6832627160ddff27b	0.2797297297297297
9faab3732b95483f99abb25e0435a13b	0.3776061776061777
422aaffc191545f18e26d148679cb4e2	0.5733590733590734
2e5104bb15dc4fe69f12b67341ba422c	0.6294840294840294
e760b711f3c345919742a35913e4a1dc	0.5783783783783785
c7968242b8af441786a4670c94db07ea	0.41441441441441446
39ec7c0b3f96475caeb86998e217c2c7	0.5666666666666667
7bf4f893f6214a7d86d908629170a9df	0.48301158301158303
58b44d1e19e047718730b5fadbfc758d	0.498069498069498
d65a7f4e990942bc94649c4afb828527	0.6185328185328185
8a179f2835c44e95ad3a268fe3f58e2a	0.40270270270270275
7851da158ccd46638bf683dfcc8c0303	0.1969111969111969
720b57de30cb48fab696b725ac4d8b11	0.45891891891891884
c7a0bb7fa44643e28a5d7c51421603b0	0.48000000000000004
0cda8338aa82406ab223ee9ffd3b90af	0.35000000000000003
14bb3e581a734ca8980e7a5e6b9a2ef8	0.5583011583011583
50d9ababdf7c40bea93d3f97c2014b27	0.6486486486486487
11e429b70b6744b991b2145ca1e146af	0.31135135135135134
7f4641a118ba433d9d337a34c196aff4	0.372972972972973
e95767282b574fa2847851e7ec037430	0.6275675675675676
13f366a66f5d445da0c1be300d5aa8b8	0.48000000000000004
c641ec33bb1e447e9a2cc9f7db9de76b	0.5221621621621622
49c650d1a89e49e087db411822555c55	0.5315315315315317
e0eec02215da4e6f862c2e483ce351e7	0.45700245700245706
e4e28b3255c44df58e03d22749de8e89	0.43783783783783786
9dae31fdb1b04e2992de106ab40c14a5	0.5783783783783785
763d8c89366c4f69bb80d01e68a918b2	0.3474903474903475
72a78204e2e84a9ba433b86b383da79f	0.40270270270270275
3fbc0b49054a40318e84bf46e2eb6f0c	0.46795366795366805
aac24ad519b4424cb49cbff8ad5e136e	0.41441441441441446
0dab8adc566644f0b087274d6a937f5f	0.5315315315315317
1b87a8f2bdbe4dc8aef0a40719d6ee0e	0.45891891891891884
7460c61c0a52463baf189bb4d669dce7	0.45700245700245706
c56a582356a84339b5f633aea567469d	0.43783783783783786
4565e7e3cac7407e96c5d6dbf16b7290	0.41776061776061774
1e674438a5594c1d8e58573e24761d30	0.49984101748807636
ff7a3dc9a5be4f929f8ec6f34e0b6fc0	0.4216216216216216
101733e0e145410c90642f492d61ad10	0.595945945945946
4cc792524ae9476bae7662523a9cd8b4	0.5221621621621622
e1e7bae4b41646b9b143afcaad17a743	0.45891891891891884
3e15e46e0d404890bd65e7b44e1ddedc	0.5583011583011583
56e2582d142c4e01bdac80b2c5da28f4	0.4167567567567568
8873db9609084b23aec6d2455bb9c489	0.5827702702702704
3c2bd7a0f7884de7abbe53e02fd47e25	0.6162162162162161
9949f2a35aee423da6b9885da7f17f55	0.5884169884169885
e5823fc4e6ec49408498324e2866798c	0.6486486486486487
1f73ec5b85134847bb66968708a13c9b	0.7189189189189189
9dec95be50fb4ae691705b46025572a9	0.582076813655761
d350a1bc72e846849c35743a88e1f073	0.7540540540540541
898772bf5ee74d4499b61e788586e569	0.5432432432432432
337e357c9aa64da18ae0264f71b57dc7	0.38513513513513514
ad984f88fbbf475f8a018efe23eb5bdc	0.3776061776061777
f5dbe84c6fcf4785a75e1fbcdda70880	0.5618441971383148
a4e03fcaca814529ad2e0d1423e1aa44	0.6486486486486487
652107eec63f48eaa39312df13e4546b	0.45540540540540536
b267559751d14e43b450d789b30ceb4a	0.5168918918918919
775577298b8a4cee9d966a750a1fbc2f	0.5131274131274131
964bbcce6df648b28d47226f587f19ab	0.518918918918919
db88dd61c7dc47aeb43b49228a44bf17	0.40621621621621623
17a860f53e894ccdb083207306b2fb9c	0.46795366795366805
73a38c6cd120451a87e9b982bd4b35b7	0.465945945945946
f7fdff8d6b754746b3fa23066543502b	0.5351351351351352
580237da28644765a3f8d02b70dd9377	0.5513513513513513
1293ffd77b404b75bce1adca2f9cc8d5	0.2571428571428572
27ba9e7db4c34a0eb5b93715fcb3e05f	0.6954954954954955
0ff88a8a1e2a4e2e86ef786fdf5a2a3e	0.508108108108108
85e42e2f0b82430fbfd68389c442a493	0.6018018018018017
1f8f9f28f8ff4462aeaff5d2be1cd536	0.5783783783783785
619c35d38c9e41fe90d03424987ae5d5	0.7013513513513514
bc100628f11d4550b20c45ba29b43834	0.31737451737451733
eb57340f0c894f85baf505768e83a6a8	0.5783783783783785
8db42ee3452447cfa7ca77de355648e7	0.595945945945946
3c41138dc24a4d38b6d434b0ab9404d9	0.6486486486486487
4880df0c1682480492719e1e523a4a2e	0.6294840294840294
a44b95132b4e4f64a71348104000dca9	0.6972972972972973
885d47dfcf7147529f195a8105a63650	0.7621621621621621
8bdae7d49ff44593bfaa09b3f7639c8d	0.39950859950859957
d9c6506a1927463b8fdafd31a7fb78e5	0.38034398034398037
2e81f085d89645e5ab1495b4317f4b35	0.48000000000000004
e0f7ec133071425e9d2d6ce3b4f7da19	0.43783783783783786
6d2d33a8fa09427580d1b59ce6c7bd6e	0.5643243243243243
49668db12f00456da9c7fd7bd7d0c0ec	0.4846846846846848
f43bfe7167f94ec88f9e9794a2531cfd	0.48000000000000004
8c83817ae05d48a0a1fc4f8aa467da0f	0.5281853281853284
d87a9434576c41cbad8cd7f5e00e0ee2	0.6787644787644789
168640dad3414297aeb669f586ba0c65	0.3535135135135135
b3d5213c00324e30879899879485029b	0.3745945945945946
a13789a679e14e9a9b1158cd3c8b49df	0.46795366795366805
ea11ad9e82014f10a9421dd8a6dd38f4	0.4905405405405406
611836d520d744b29c101f25f5eef199	0.552825552825553
35b0a1bb22cd4c80b817b665e32cee90	0.5999999999999999
9826a7a91d3741bdbd26df2ccd387954	0.48301158301158303
544890c1d91d44ca940b79fce865828c	0.508108108108108
b5730e792d564a70bd65215e1d3604db	0.46126126126126116
da607e26ec014320bef3aca0351f6528	0.5494435612082671
1a94dd5c414740e9b154a1fbd24dca25	0.48000000000000004
d273c04983ee4ce1ae5bb16bb5cf854d	0.3956756756756757
6eaa376b96104e5986544e8a85246f82	0.5513513513513513
cf83b25dc93b4cf69a76c64b566ea12e	0.3535135135135135
4721d2105d6942c199bcd37c82300d2d	0.5221621621621622
e1084633a29d485188605bcc1b0f9a76	0.3972972972972973
bd743584abf546c4964a9459785af886	0.43783783783783786
e2686c03880b4b07b2e02ce5045bb317	0.36756756756756753
eac1d1bcc064483e83abeae92b53cca5	0.3036855036855037
a14e125a2eae4355969bf79a4e761ceb	0.38513513513513514
89b50934cb114a5f901a5201d92b8252	0.508108108108108
7d6cd6a978bb4ea48adf98bd528393ce	0.5549549549549548
c8c21464c7f949d4b9a79a4985ab0247	0.5719901719901721
4e3db65bcaae450784e8bc1aa85f57d7	0.43783783783783786
4d34af073cae4262b9d9f5831fb481df	0.47616707616707615
2d7e8707ee9d4a10863a17cd6ac1a0e2	0.5256756756756757
70a67f669d3443269214e4cf7f501b12	0.5144963144963144
fbfd70dc4f2842bdb5aa49b4f4ed24f6	0.29027027027027025
e4cdffa965154df6bd810145b013bd3d	0.3535135135135135
9515a3b4dbf8474a9fd940f5a6a2d682	0.47503974562798096
21e4dba4f2bd46cdb5f18e24128d0973	0.3243243243243244
000f16146ace48a98aa4985355c404ea	0.3228501228501229
77efc3bef670429db669b8da2b7aca0d	0.47616707616707615
5aef088eba824d23ae4de934fa2ac30a	0.5221621621621622
2f314d8c72504d8eb17a35c1d67f7f59	0.36756756756756753
fb4bcb68d0f14f31acfd302a822654df	0.43783783783783786
1214ebf708d9402c9773cab0d16ca83f	0.5783783783783785
b1fb523b608646ba9e2bb304526a04b5	0.5884169884169885
32146c23df944e1986e43d47fd19c44b	0.5643243243243243
c0ae781c9fcd43caa2deacd78881ee0e	0.5783783783783785
4043d02c1db248d3b59b80f8b3ed980d	0.4167567567567568
a8348ec700234cb6bc417d09a38326d3	0.42277992277992277
caa2cee807b64d9ba0f2f56504a97ca9	0.41441441441441446
6ca2180d0dd943038fc82447ddaf6f99	0.5783783783783785
5be1f623845c499291ed2822ae1fd4b2	0.3324324324324324
0ad16ab52f68472a89b62233defd0cef	0.2621621621621621
fecea370b29e4955bc02dd4ff5123ea1	0.48648648648648657
3469144b8f8d4f71b6ac5f1bc45e5c98	0.5027027027027027
19aadd3286964e128ddd0620dedbab28	0.3535135135135135
10541ab00c3a4286a760002e13bdfba1	0.36756756756756753
ec6a90d7497e43aaab7bad8f2d9d9812	0.48648648648648657
ff00603fd6d24b53ba650fd04db2fe5f	0.5027027027027027
a3db442d63f64cf09836cfa503778c99	0.48648648648648657
93f28210e805497a9f14ea4a745211ba	0.5027027027027027
c5a40b261d6d4e71b13451ede42f5f13	0.3535135135135135
f6dc32cd58a14b17bf24b01606b59c21	0.36756756756756753
5ae06cbffba842b28995cc332ce173b2	0.48648648648648657
77d2b2f2ad1d4d3ba03969e5cd123267	0.5027027027027027
88657dbd1c11494584ca892bae9da3a9	0.4702702702702704
bfc7c13327c44e0ca3e60e962bb30bb5	0.48648648648648657
268cc10747084ace9a9e5ad4d1225e59	0.43783783783783786
a999e579e0c54c5fb422a94954febf06	0.45101351351351354
5468ed8c7e17484e8231ead8d9df633e	0.48648648648648657
7e33517932d14c15a75ceca97459d1d4	0.5027027027027027
cea5c0b89ea746739bda7c611dfb3ce7	0.3535135135135135
f21e33167cb847afa3e2c80a61d6ab97	0.36756756756756753
542511cd6fac4c4e8c90eb6b84289fc8	0.6720720720720719
b48f8db8438a4c6cad926e4794b7d915	0.45891891891891884
1a17a7e7344b4f929ae2f8bb0b4488af	0.5783783783783785
9d448a3c4eb441fbbecd0b93b40f3870	0.1848648648648648
fbb52c1bec0f44eb8f5d82fb736b9a11	0.46795366795366805
ace999ba0d074b44bba51b099d102498	0.5549549549549548
4e3aa628d4f64006a223ebadf13ae8d1	0.43783783783783786
c5f0d6150f034c1c9585146ea42fac3f	0.4077220077220078
5d8527d26e16491b84a05b474d55c485	0.5884169884169885
97e28ac8884d48c29deb3774d3add5f4	0.2972972972972973
bcf93614913a491c8cb357443c8eacd6	0.5643243243243243
c975671a71ec474ca12306a9f4fa5bb5	0.3776061776061777
b67bb16d394f4222b2b6e3035a48c2b8	0.5549549549549548
78349f3ab5b74e6fa815cf1a5db43529	0.5300675675675677
5892f9033bb64907a389cfe75d32f06e	0.44893314366998577
09f03ef080824d48b242afefda504b51	0.0
0dd649e4a0d84652952e759dd903601b	0.0
d52bd3f6770b478f89a5090e88a1cc82	0.3420147420147421
a2ec76a6a75a49f0b7ae407f4a3f90cd	0.22702702702702698
3684ad1453f842de9973e32a3e36143f	0.1969111969111969
fa19dd9a8d80430ba94ee9dc516afbc3	0.03538083538083536
3e3da066e3e54eac8344cd8f41efd956	0.03538083538083536
cb201d25d83a422fa1bfc031e3585e6d	0.41441441441441446
50b90c19f3c4439e847dae362ea7ea1d	0.43783783783783786
82fe2e4f904c4df1a947ffd8b164451a	0.3324324324324324
9f7daa9ddb454a2586fa21bcf6899388	0.1848648648648648
1d97d4f6b25f4f218306c993deecb215	0.43783783783783786
e3c8e78590f54e1c98e31d395d2a35b2	0.49533169533169535
6a7679863338417f9c3bad1be9b28700	0.4846846846846848
0ff4e486433d4797b807f7d0a48578f1	0.4905405405405406
f644ed5fad4f4a65a098fbf5647b30b4	0.43783783783783786
06a76be2e73e421dbc91b17033c92e0f	0.9648648648648648
99d370ffa92f412da6d1e733bd5ce8a7	0.6064864864864865
046c0a04aa964ca2a59c3ee813937ed3	0.43783783783783786
cdebc72ba9774f0f994afcc960551e5a	0.43783783783783786
f0f0a7d6a5b04b17ac81c6de8ae36589	0.5336609336609337
e500d81c4f6f42768a3933409e521a49	0.4846846846846848
493eeea1c7e24507a0f1b0894c2f4d70	0.31737451737451733
c16be87efad64656835baa8945dabe7f	0.498069498069498
b0ccc05356a74dffbb8ffbee1c1f57fa	0.2571428571428572
3d506a78acfa4870a63dc046f9eb9790	0.5432432432432432
cc8a60aaa4094d7f9148b6aa998d8116	0.46795366795366805
239196e4346248b2943a194f2ac1c459	0.498069498069498
53b7e17c901c4d1b88815aa94bb62f92	0.8067567567567568
ac776a9d320a4e69887a139b87ff9f28	0.595945945945946
3807ece861b048a092c328c5a56693a0	0.45891891891891884
5ca9ff84255445848ab0bfb7627b6df0	0.4114864864864865
027d05974e94430687bbe34621da4036	0.5783783783783785
7254ca5841064e938d1c29953566378b	0.498069498069498
20386cb7c3d745bd852c66b9271cb60e	0.3324324324324324
b85317e197104321924b4dba560814f2	0.41867321867321866
03f881253bd04782885e25eb5de85a98	0.43783783783783786
f81f90f750cd4fca8103187a7e3252dd	0.5144963144963144
281c13b080994ffd90d2759521c1c6d8	0.2972972972972973
57dada0798884e0b820c9fabd4488abe	0.3441441441441441
270f0cef175a4a0ea8002d0d8cfc0edc	0.43783783783783786
184914cc206d4a7e8f459ece532a343b	0.3587837837837838
39e14b1dede44d9faf108de63188439c	0.5315315315315317
9f2976bae9ef4157813b2c3b3d22e946	0.31135135135135134
2b9827f68e574ee6a47c6a170ca52ab7	0.35000000000000003
d89c4cdfc0cd4dbbbfd6c3554e874860	0.2738738738738739
9f146fc13ee04fd69d52318779d0d6b9	0.2797297297297297
8ba7bdcb4cd0410aaed0aba0dc237727	0.36756756756756753
dbd658a3436443e78905769943ca9a81	0.43783783783783786
2d72ffb5cfd94e6287d128bffe9c07ec	0.4216216216216216
801b502b464a4cec985e2e33a709be9c	0.4641891891891892
e038b4fabfaa418c9addcc8c4a627de4	0.35000000000000003
8b1de45d16b7412db3339b2f6d388551	0.48000000000000004
2af8b119364c4d80a727bd5a168406c5	0.3776061776061777
cc2d7023bcd84b35ba525d78077725b3	0.5010810810810811
b4f91f9c5f5947d7a61a90bba892a632	0.5168918918918919
743e6e989c4b4ca6a861a9a5ec8a0b1c	0.4729729729729731
bb00cb51e0624237aecc394511ab12aa	0.39099099099099094
cfbabc9fb42645cb97111c9f7211d353	0.41867321867321866
e90091da7e1640e6b3b4c0e10a89cd8b	0.49533169533169535
79cb464655414ecd94fdf9d43da0bd12	0.5221621621621622
bac391832dc441aea3072fcb9a32f503	0.5432432432432432
51b5562ad1ae476b8e85bc636f1c0d8d	0.43783783783783786
3ffe69fd978c4a47a19308c9762e6e17	0.45540540540540536
90ff4360819343ca99988bd4324f2da2	0.6064864864864865
1dfbba75791145adbee915d6acb7b4f3	0.43783783783783786
79d2fa041a1d4a228ce4c2681362aeca	0.508108108108108
4eed2d3be65545a68b7acfe30940fefd	0.508108108108108
448119577ea341e88da7b4cd74daa678	0.39099099099099094
2916dbf32d9a41418b587451cd956b9d	0.4729729729729731
2ecfc7f12c4542e6a53d12a56e405653	0.46126126126126116
e5d2099093ce42c3a5c37c81184185de	0.41441441441441446
8275caa4a4db460285d3c753fe61ad92	0.6486486486486487
f18debb56261423f930a6cf00ab8ba8f	0.5643243243243243
51c626716f6f4f29b4350993cf131377	0.40540540540540543
fbc8a8bdd518485fa1e06d6f692a88a5	0.43783783783783786
a304317760e04de6a0e6d47c405ade58	0.6185328185328185
eaa6b3a3c2a445d49cf59752aa914b18	0.26918918918918927
74d115c7b9a04a4d93fd4699a9225f95	0.5432432432432432
47b552601b524484956e9ea52c07e8ae	0.3776061776061777
2c815337a1cc42aa9c7a9c3c71111a19	0.5783783783783785
710236f2b9e548efa7c4c7fd7b358a16	0.39099099099099094
8f27ad5183be42f3912588bc2f847c8e	0.45101351351351354
5b2f794bc32d42d19fa9d1e209f46418	0.49984101748807636
159d5be3045c4f46a30bd6bbd61b8daa	0.5037162162162163
99c17efa07f4483eb518e1d13c189635	0.46795366795366805
780c4f0f1df34d80a3f456193b4b52c7	0.43783783783783786
9fd806e832054b55bb4a468d96c93f2a	0.3324324324324324
e6f2d2c5efd04acda66cc73c44e11213	0.5221621621621622
6121dd7cf66b4282a5f956c8c93366b7	0.39099099099099094
a52233182bcd4d4b86a36b94bc2c2c2d	0.6034749034749034
c95e938c0c62410b9435df91035fe8c2	0.6185328185328185
bab7363c30f4422ea88ab7b965f7dcbf	0.5884169884169885
3cdcda02c6c3408aa006629be266e5b2	0.5643243243243243
94c38f959c9a49cdb3d93bd25abb6c6c	0.508108108108108
1c723a05d91f45d98cd506daf760d379	0.5037162162162163
5b543c2557d642fdb04fc720bad1272f	0.5827702702702704
6f7f33fa56e540a39a73aac427d91dab	0.5300675675675677
4dce4a5cebbd4a47a16f21d38ac10a7c	0.5315315315315317
e8eb4294c99e42d095cf7b4db9267d85	0.5168918918918919
591d6cccdc174071b23cf7cdaebdd2fe	0.48301158301158303
23dd71cf609a47229b059a5f58ea8f4d	0.4114864864864865
f38934ba28c9418d85d34f38074458d3	0.38034398034398037
24549bf0ca7a4fcda0efa881e237f680	0.3420147420147421
f34b2a1ce29740e995301110855b8a59	0.5144963144963144
0de6b8edb10e4a83ac6efac251192e57	0.42277992277992277
6b336b513ba34dfda58d3a05ffa2007b	0.4773648648648649
b5329616378b47ee904219f8b507688a	0.498069498069498
4ed47fdff6114d3db039c7bd0d5f4f5e	0.46795366795366805
d70dc24b3643486b9e8ec6a9f8d63fd9	0.45700245700245706
5a5285643a5340fd866b4a63448ec4d3	0.45700245700245706
bb2517dc2d314b2ea51aecfbaeca75e3	0.45700245700245706
a86b211cb4fa49e78740090b65fa099c	0.5315315315315317
018a11f7ec64468b9e12d47f1aefa3f0	0.5884169884169885
d8c9498a9d0d4d0c8f958791dfb46aba	0.6185328185328185
9b5c9484bdc647aca3ca12b29cbcb008	0.45891891891891884
c6b9860fc3214016a4d9395615a40447	0.40540540540540543
7cf383db73064a8d83bfd1ef8f7be7d2	0.3243243243243244
735fab0396ed446ca1c49d3151ece3e8	0.3956756756756757
55b87f8b83964b52a30f6000a43c5817	0.22702702702702698
577054e733e34cfd93f7b9cef70bc61b	0.3745945945945946
71b1e71ae6874397aa90625261b0ed90	0.5432432432432432
217f8e1b86324c5b99cfd16c6370405f	0.5300675675675677
15cccd35cfac4ad1802ca864bcc45e35	0.3324324324324324
44a737b4cb004bb0a6dab64360b1bc63	0.2972972972972973
fbb0a3dbc5cc43c19d6e9d1e493fbf24	0.40455192034139403
dbb3ce3d6b934990b8eb312b59a6815b	0.48648648648648657
ad28cde8a6c24c10836f9727a9c753b1	0.43783783783783786
eab430a9a2a349349522914b21f81feb	0.39099099099099094
05a6dd825341488fbbeec8effb144106	0.5181467181467183
ddeb3bae128a4b0baf03a29534c6dd18	0.2972972972972973
8a949be860474e0db42b2aee636a8a96	0.43783783783783786
6ff16c053b8d4c15beb800760d1a05cc	0.5362162162162163
902509bcdcd1401aad5c30ee8659b832	0.48000000000000004
ec55efa803dd4003becf9c8464e35028	0.2756756756756757
b3cdc6e2c0f14038a4269c30fe351495	0.43783783783783786
9133f75d06674d32860d59eeb223b88e	0.48000000000000004
5d0052776e604c519f6c6c65db69cb35	0.39950859950859957
f0ee13fbc991415191f4883050e816b9	0.48000000000000004
e4ba731edbea4177baf39379e3047502	0.49533169533169535
6104ca9dc01346d6a65b6dcfe2d4a937	0.43783783783783786
0339e530cf8641759cb7e7b3fc48ddea	0.2738738738738739
8d4adb70290745b684d6da3a6d56a389	0.5315315315315317
34098ac392ce4105909cfeedecddd473	0.38918918918918916
fd7bf1292218490089893b74f74920f3	0.5221621621621622
1b07f06e2d2148309aad92c845e4408f	0.39950859950859957
ec7c1673ebee4f55807888a2f653e159	0.5221621621621622
cc114106c454481c82bac41cfc25170f	0.32072072072072083
252e463e04fc4121b290cc53427aea49	0.39099099099099094
add342d013f04d45ad5db884bf09c855	0.48000000000000004
4aa98b64b6b8444ebdce61c5abf1d20f	0.5549549549549548
224e8ed5a32d460fa8498642acab79d9	0.5583011583011583
1bcbb0607ca9428982bdf2ad8dbb2f0a	0.5168918918918919
78f2f8ae96854e7191ff64cbfd1f8792	0.5513513513513513
52bada770de5416296b530fa715be514	0.40270270270270275
c823fe0bf6ca4379bf0d67b66276c868	0.6185328185328185
54b46f2564b04c28ad4e799996e3a317	0.5643243243243243
52039b484b324eec986f385de734d5bb	0.43783783783783786
6d20c64830154d059e427667257ebd6d	0.3535135135135135
06aaefc28a524b798ce17b166998a2cc	0.6486486486486487
ae51957b73d64bc2a779b957bdff1ef4	0.48000000000000004
fa6ce3962afb4d3a9eb137f89df78df8	0.49533169533169535
bf66e561f70b4c258c0f3ad31e987f45	0.5432432432432432
9430e613ad324b08bcd9c479f27b724f	0.3745945945945946
d860fc290b474c11ae1fbf24eaa08090	0.4114864864864865
58d0fcd7f47040d1b79a16b150a9e5bd	0.43783783783783786
27e14adf115541dcab4fbdbdad66b902	0.45891891891891884
faa50539b6cd485aa1325b449997449a	0.22702702702702698
f38d5a34d6a741df9ec678b602567554	0.43214024835646453
828d013b4103439ca576ec9ad185df2a	0.3587837837837838
4968fb15f2034a81b3fe9c9916c23edd	0.40270270270270275
8a95203a887046c79af8c7f6080aa5a8	0.35000000000000003
e255e4291ee94388b65efa4773341e4c	0.36756756756756753
977c26bb854c47ac8429fce7c19117e5	0.43783783783783786
cfa925cc58974e96b25b13a567548428	0.41867321867321866
0dd088682c00408db7e48a8dccde1fd4	0.34054054054054056
3789ecc5d7da4422a1c9c13c8213d916	0.43783783783783786
74b9d7340a184c44bfc35b8c4cc819fe	0.5246422893481717
b66a9895c4884364a7de8356e69ff01f	0.3490753911806544
d39cc65f962e4af19717ebc97ba4f8e7	0.4077220077220078
496e298c05d14af49639df81397ccc71	0.3926640926640927
db333d36be9d48a3b8925d42d92295e4	0.5010810810810811
baf35b06609741059f085cbe194c03ef	0.4905405405405406
cffac42bd2bd4274be598fa2278e085f	0.5168918918918919
7e71edb5f77248319fb23d202a98e0cb	0.3036855036855037
35c5300cfb1f45b4a182ad699bea04b2	0.43783783783783786
f465591c369d401a96843796bc8b1121	0.38513513513513514
f8b5017143c14ba1b878bc8940b67e20	0.4114864864864865
b787550d38804e9aa72bb26f3d3e27b1	0.41441441441441446
936c35d2fc5c41e09d39d2e8505db256	0.43783783783783786
0582be668a184492894f2328e6152174	0.43783783783783786
6d6947d225fd41f9adfcc4f3f441e2ad	0.5168918918918919
4bd96ae2310e44358ad0010b25b955ca	0.30608108108108106
08620a6975ae4ceabbdfbee3a0f6f7b1	0.38513513513513514
87c9618fbb9346d39a6d9234c62bc9ca	0.4114864864864865
940020a9434b4083a27dafca1bee8a00	0.43783783783783786
ba37f45fd5a845aa97b145ddbd73c3e0	0.41441441441441446
91a4c62448ed4de2946f5b8bf1aac073	0.43783783783783786
a7e565480b794c8ea0cc63eff9292526	0.20067567567567574
c99281fe2daa4d7982b16906806bc1b7	0.21385135135135142
8149705cc9cf485885c2320aaf5f8180	0.15173745173745173
3a3e698827e240478abbdf157d8f5f1c	0.16679536679536683
6f8d1d5434874248873c9825c4ef9baf	0.2492176386913229
852f55150fa443278aa04521a235f811	0.20067567567567574
168761e2dc344d27898fd2ccf71ac6a8	0.43783783783783786
6b3052b485914cdf91122b3e6b79ecfa	0.20067567567567574
0eaff0b9d3b6481da2a2d81f394ff8af	0.21385135135135142
f18c98e54dd5469da9fa4d88a00d5ac9	0.15173745173745173
55144cabdade4cbabfe2d6c7f5242251	0.16679536679536683
3ce2f5457b7a48f989af6135d1da1fce	0.2492176386913229
f386f2d42fda494ea3d3188656db9f50	0.508108108108108
e2367a1f4e0746e7b7c0e58ab02d7296	0.6819345661450924
1b6923435aa045b2b235421ac3ef51bb	0.3956756756756757
9762182d34e6450aac5ae5ab09774c87	0.3324324324324324
37d385b6f93f4171bec4e1c81b8cd1ce	0.5281853281853284
f51acc6186cd443eaa8c7df20b2cfb04	0.43783783783783786
2f28eb21bf9645159a9dce5908e048d0	0.41441441441441446
5d0c8bccc37542b2b2615882f231696c	0.43783783783783786
d4ea4168a6cf4b2d9f8ed848e3b98183	0.45891891891891884
d50ba6d6e7424aa49d548b5c3d526656	0.5884169884169885
4e7be5e01ed34564b4c02bf69aa67b62	0.595945945945946
4ec145ede2b24345865c8858afe694f3	0.6103194103194103
8c018d000a0248d0b8ff1e65734c13d2	0.5327027027027027
2be8ce59cc0e4c6d8d0383646d496a28	0.4483783783783784
a2cb1abaa448433a860f136dd0c5383c	0.38513513513513514
1dc04f63cd614a718d92e89db4553eed	0.6720720720720719
f0cc6606115a4b1e833c638331f09ce4	0.38513513513513514
8e53968ec68e48bdbaee3d7b3cab7684	0.2797297297297297
22ea273a5425414d86186a68a418fbdd	0.38513513513513514
d5439e10dc3545b3b172a68dae8c13a9	0.3490753911806544
fce4f2153ecb4ba6832e3a567fa29a5f	0.43783783783783786
83ede3d1259443b69ccebe7d71b39309	0.3073359073359074
0357299ab9964302b9a2163a0269243d	0.5246422893481717
fb53804fbd3e47ba8db46c47e8f2cead	0.5583011583011583
d1d1ceda5007483e8d26809fb0bdebd0	0.25337837837837834
62ecd8a185694ebe8d2c8198e2b9ad9e	0.3441441441441441
61872716dfc744a78245f6ec72374319	0.44893314366998577
4c23e3bd00994be28c4f70e68340e929	0.43783783783783786
084fe24ce96d428a99abdcf61f1addb5	0.43783783783783786
d78eda77568b4a929e7069a078eb99fd	0.42543720190779016
b796fcf5a84146618fadfe9a680444a6	0.43783783783783786
7b1d66181a9943ae8ec9c3d6e836224f	0.5168918918918919
1bde8c5040c34f5da218cc7fdf856496	0.5300675675675677
7cf5d4e296234a64932ff19da2bff689	0.4905405405405406
e22b50dbbbdb496e87449fcbaf26c19a	0.5037162162162163
399df7e9b6e94d9cb8cb389de349dd94	0.5432432432432432
300933d5d3a2469a9c47044106125476	0.556418918918919
5bc2f0f1bbea467481ac4dcd9c5be23b	0.5351351351351352
f910bf7a11ef4f36b17ae16671980ceb	0.5351351351351352
05056b66fed34ac1ac63dc153dff5b58	0.5513513513513513
93dffe42e3034e24b672334607839acb	0.5027027027027027
a28d14120d074df7b6e68d15448b8417	0.518918918918919
7ca6b40fab7b41678143f169d9839427	0.5675675675675675
fa3f783e034f43dcb6c8143bfa9eec86	0.5837837837837838
94ff02057a3c4d159b7b0689a4e204fa	0.5010810810810811
de5dd3f2fd27413bb8516bac680c2ab3	0.49533169533169535
1c925dda0f43475488cce9745a217e80	0.5144963144963144
4ad4ef12140642609b031b87994c7161	0.45891891891891884
aaf30ec689f04e67b04875afd3520cae	0.5549549549549548
851622199695470a81a87df5e4f76890	0.5281853281853284
b33165963654432fad68fa6983c85081	0.42027027027027025
4e8da6b622b04ccd8a3a951f4ad6867d	0.5315315315315317
228eb705aa8546c0aa13fdff54dd8d9c	0.3441441441441441
2c576cc190fb489fa6d62c09b7f742e6	0.45891891891891884
b4c99ecc3d1d444aaa5f16a4cb7e71e2	0.45891891891891884
4fcac52dcd6c4db6bda774339264558a	0.2972972972972973
fb0c16165ff14aa6b0e2c23f300b0f6e	0.3474903474903475
6fe88fd1d6ca4a95b990b9e4c858165e	0.4167567567567568
3f581b8805e7457690bff410665c6139	0.49533169533169535
ea73ae44e818466a9f7f0a17a301cdca	0.3745945945945946
647de6c03bc14ff6b185ae9c4fe1cbcc	0.498069498069498
33c7a782a1444266968056ee5eed6bb6	0.43783783783783786
d92c9b82174844f1bea843b34164d06b	0.49533169533169535
38b9864d77c64c37aee5d3856c237b9c	0.45891891891891884
9547f82502e44a0c84e42c182c8b92f7	0.39950859950859957
2fa174bc9dc3464ca91d707ed82b55af	0.454054054054054
dc9233a08a854f3db9639d7067a91c5a	0.454054054054054
19d19eba984a4ab09d4ae352adfaf938	0.38513513513513514
234c9a9edbeb409eb81f62f876a757c7	0.4114864864864865
fbe6f0849be647289747064cb4c60b03	0.43783783783783786
8452c240982e41d1a56b3b12e09b9adb	0.41441441441441446
e76b9f764f4542558f9fa3745a66ca75	0.43783783783783786
bfc5e52217c74b44a0cbe2b286987495	0.15173745173745173
345b0f5192d14c69a82345ffa6dd47be	0.4167567567567568
69177ae9a3c341f7b46c2409073104a3	0.43783783783783786
999425cd47074bbb89843a76e9f3522e	0.21385135135135142
677d55ffa96e4a46a045a998c1651b6d	0.22702702702702698
de30b63416784285a29fd9b5d6ca0a05	0.16679536679536683
d4b00eb800d74846b09e17205449bda6	0.7061425061425062
07bba979a6c748ed91f31675ff3b4119	0.5583011583011583
e5ddafeea04349ff9cb72b72341745c4	0.43783783783783786
90de4448bba64f678373407a545c6927	0.6064864864864865
9204f7ee6b5b4b24968e5ff06c030e42	0.711891891891892
fd53aa8687f0457dbda23c7899165330	0.6648648648648647
36518006c8744b149dfc2dcc2ac8ae3a	0.4846846846846848
419dac24b2634707a6f067e63e5149e6	0.41867321867321866
57ed1255f49d4a12ba707276a1c4e024	0.5336609336609337
4dc9fc1d787a40a89dad3d32c68248da	0.41441441441441446
c171d65d4dc2470ea373fa5bd2d0ae5e	0.454054054054054
321fd44e65574b0b99f3e5d7adbeab36	0.5131274131274131
19c8319c4a094c79a40f18d975f0baae	0.2621621621621621
66a35d87fdc445a9be0ff6967d793820	0.40270270270270275
7a2b647e46ec47cb8bf99b7dd386d3df	0.42027027027027025
d38520f0dccc49448b907e727ba92be6	0.43783783783783786
5c124cefa73842c58db455a2d5403d04	0.45540540540540536
a243c6f70a154e15895894522d448cf1	0.43783783783783786
60afd4a97a9d4de9baa7133166c891ce	0.45540540540540536
d8f8c269fe00413aacf9fb9e54eabc9b	0.40270270270270275
bec375ca86924bb3bff9e6a40a25c4db	0.42027027027027025
0b2acd24b1054699a7a0cd1a3ce4d451	0.43783783783783786
660395b7e3b042ac87cf98b1ff4df38c	0.45540540540540536
5b993b621c6445c7bff5251558305722	0.48000000000000004
1b8584b4144e4dbb83f17066fdce335a	0.5010810810810811
1e8ab2f336214bea97bc8a00aadb827f	0.5221621621621622
121627574fbc4379b29b24e43f0e04a2	0.5432432432432432
50104ed9112b46e7b565e2b0133cdeb4	0.5432432432432432
2e3ff1fe50734e5396dfad3487b7d954	0.5643243243243243
c906e842a6274ede9dbdc224498a6f85	0.46126126126126116
ab4359ce33b24dc58241a01e825dc818	0.372972972972973
68e3eb80c26248bca3d3b2b3e4f67855	0.5168918918918919
00be0b637270427cba063ea83df57735	0.2621621621621621
949ba8216c4241e18d6227fe557fdc7e	0.21648648648648655
6742aefe084144b39667de56d9ca6649	0.4286721504112809
8c0eef0729d34171bde30dd9fd94e190	0.3745945945945946
40ccb760b03040adbcd635f7e46282ce	0.38513513513513514
c20898335ea845febeb3b2b3bf88ebff	0.5783783783783785
80a88ccc6b3240f7979c36783480ec38	0.6275675675675676
18fe76dd11ad45e996b74b0ecd64e21f	0.6310810810810812
650f17d0c895400ebb50cd7954756a0a	0.5911547911547912
e7e7cdb49d1e49a28e1a106b8f559264	0.4905405405405406
46b4483efab44a37b379320144b021e6	0.41441441441441446
57475ceaf9d641559f78b4233e4cc3b5	0.5315315315315317
06a0f358df024aeaa44dd22c0536447d	0.46795366795366805
f7826ad3e633417ab5af021d9dcb4664	0.5315315315315317
c56519894ea84e8fa220411f1ea64a39	0.43783783783783786
d62789be4f2d47ecb3a09b808355de6f	0.48301158301158303
ee20b0a2d715478bb88b5bb77beb1dff	0.39950859950859957
243f2d84b054431c9097fbf76c15ae70	0.5168918918918919
5ce05c9137a34749b4c9f967eb7bf66e	0.6103194103194103
c56b6b95c5934a69980846f4a528298e	0.45540540540540536
2c1db5d35c6f452c9ab0e686ac57686a	0.3828437132784959
25860293dafe4c91a45209a4adada52b	0.37195945945945946
9f0f6bdf56ca49a3ba158f0568755925	0.47616707616707615
100f1cb82ed64603b2e3a1cc6950ce6d	0.34054054054054056
c1fb987af16848b186022ac93ca5d6f7	0.45891891891891884
6605b31d9aab42cc91c9b743f53e5d36	0.5010810810810811
8f8633950587420a9998b914785185c9	0.5256756756756757
168d3a5a482c446f930693405f496e83	0.5221621621621622
2c1e6ca6695340328de0a8d5d0b18dcc	0.6486486486486487
ccee26ffbf794fbe960addedc47b3f97	0.48000000000000004
8ce0d90e5cb3434aaeb144236f3beb33	0.6135135135135135
a3b9d6cfef444bd38e9e0d74fc4fa397	0.3324324324324324
1bad87540569443694f54eaa254e39d6	0.36756756756756753
073708b42c1246cdb94fd2f0a02b279c	0.4729729729729731
cc8d4f248a014da0bace15acfaf3073a	0.7657657657657657
ea86f9bb76bd4d18b758798baf2ac438	0.46795366795366805
2ad2c3b713964cae80e5d20ee0776666	0.36756756756756753
e9048d2bc1b24bdc86e6a05ccdde9e11	0.36756756756756753
86807538fc764c3cbcbfa4525e277533	0.5037162162162163
7124c83bede64bf3bf0b9c8ec54546cd	0.5168918918918919
219997e11dfa425493b834ecdfd1373b	0.5336609336609337
2d12d89e1ef945d3ac1be9c7b90fc548	0.5884169884169885
788a251fc39d4e4ba6aae09946feb276	0.4729729729729731
9a51c558b8a54e628f592958ba31e5c2	0.6034749034749034
f2def94c64554ade9068e7843f8cbd24	0.498069498069498
7e9debb274804a5786b3b06a3078942a	0.5168918918918919
420a5da80cb14ac1b1baa4e9164a1a17	0.43783783783783786
5fb6e004c9e54a7e91a2ae221624649b	0.45700245700245706
a76162c75aa54721b971f3c05f31205f	0.42277992277992277
ddd64d5ee2e345d3ab4478186ba3babe	0.48000000000000004
937deb5a0a824277b10d19b7629a7d67	0.5256756756756757
7a8300cd298142579626ae3cb3a12702	0.4729729729729731
0f9837da63ff42c7a9bf9f04f565da0a	0.5027027027027027
35c7e79622554fe8997bb2023b54dc30	0.49533169533169535
8c6709480ef249048cf789b3af33f7d6	0.5719901719901721
3e1fb7efc069477594fff5957907c88e	0.43783783783783786
dd99c14745064c38995351ac2f0ae2f6	0.5281853281853284
983e72bc0cb44fcf874016fee9d95e71	0.3441441441441441
cedb4cdf4229489a92ca4e0df9464cb7	0.31737451737451733
01fbcc4c9db54f7187152504b7bf2c2c	0.4167567567567568
bd7ac42c1368415eadf0e8c483e2b321	0.6103194103194103
66d7b7a0d82c4f99a603640713e9e600	0.3148648648648648
af01f9a529774795a8d0ae3229b0e899	0.5884169884169885
6efd8f1d8bf640c4bd18763dc20c5500	0.2621621621621621
d8cb79f1b3974cfe8124a2e913229baa	0.3324324324324324
9512aabe1e614a898526130b36ce588b	0.5221621621621622
4cd2af70715049d7900c22c33e14f1cf	0.4729729729729731
fcca08edf21749d7804a75f338d37978	0.4905405405405406
c9cc213da5b14713bd480746bfd816b9	0.2571428571428572
6b04c0dc6c1840378a9452d2bc21d26d	0.6354729729729729
1484c5a41d8e4e9ab1a4c6c6e443b9c7	0.5221621621621622
e32582e5a4d84b208020792e50c0aacb	0.5783783783783785
0e7cd0e85bc246f890c54ab2a58564bb	0.48000000000000004
c54a1e62634b48479f41024459c3abf7	0.38513513513513514
66a9024687504019808b438c428c467e	0.31737451737451733
730bf6bb04874d1c8daee5dff69d10eb	0.43783783783783786
ad6dfc31f3504a0585471c9cb917e8e9	0.45891891891891884
f5754925c48f4d9b8016d8d79a91753a	0.6222972972972973
63133c5b7142422489b4feba79e22d68	0.43783783783783786
b5b3813957ac42d6a76633e12f24644f	0.48000000000000004
f3c2df02d7e34ee48480802783ca8b12	0.6787644787644789
7d0d507e93974aeeb39b060d45549d4d	0.5783783783783785
232d5e89315046a3aa7b0c6d0170c720	0.46795366795366805
9ab4ff1f5d4a49889637b5adddf766e5	0.6135135135135135
118ed4f177444dc7b6372570f65de60d	0.43783783783783786
4220dfd94f2e4a3cb8196b4f74fbe8af	0.7135135135135136
444949c9a7d14adcb3b0a20258fda1a0	0.6081081081081081
06c3f3be52704030ab1ad957b434a024	0.5116216216216216
3f45c91aa4fd4170bc92a5f0eb7ec274	0.7459459459459459
c05b0621b6fb42ffb113f620563695b7	0.7540540540540541
1298983a5ff7437abeed654c81d7a914	0.36756756756756753
336b2a25195e4bb2a6cb30b2c6b9af70	0.48000000000000004
dc0354a9c1db45fd9a336b790c710f8e	0.5583011583011583
2659e8e34ec54291b9052b3ed0f74e35	0.5733590733590734
566317b0c6234f02ad23184eb4e45693	0.5221621621621622
2fb4eac985ac45d0828b94b494e7453f	0.5362162162162163
67af001e53b642079f3bea1abf806178	0.40270270270270275
e94c50df8cfd4c0d91d67e526e82732b	0.42027027027027025
b4b956a92e514f52b72c6789a8af89db	0.43783783783783786
9ab5ce62eb0e48ffbac41b2c64bdf744	0.4729729729729731
b36f4d6345f54129a217be160f617a29	0.4905405405405406
0e5884e8a872447782c41c0d63b0dc5c	0.45540540540540536
2e73c8b71b414834bd42446a667ddacb	0.40270270270270275
6d3575696a7549b99921fbb78bd84cac	0.42027027027027025
db1dad23072a4858bff2d901501b4bfe	0.43783783783783786
a9db25a8a6bd49ae87a13066522e3795	0.45540540540540536
c285e63d502c4d6789dd6391d8234f4e	0.45540540540540536
4993a24a893e47dcad2187e3a0e2e727	0.4729729729729731
6b4902e932684b8789cb2c2e9010af74	0.40270270270270275
4a8748190ebe49929a27a7736ea53e61	0.42027027027027025
b896f99b35234eef9c0be6573d969160	0.43783783783783786
a69b270e5cd5496c810fbaeb5c2bcfb0	0.45540540540540536
47471a2d473d4cfeb36125c1b88ee8be	0.45540540540540536
752008fad79549fba66a79df3da10d11	0.4729729729729731
11afd7be363d4db4b9e4b91eb4032b50	0.5010810810810811
5268a2e17eec4a9baa4e0105d1fac3be	0.5221621621621622
df5a65ef0aee4294bfdf440aef41c507	0.5010810810810811
6ca4640d637d41b08ce86d4b36b85c3e	0.5221621621621622
65cb53a165ff4a92a9bf250208701d8c	0.5432432432432432
ddc462346c96443bb19a7533d323c60e	0.5010810810810811
1f3d7133c92449ea80bc52bab6b188de	0.5221621621621622
59d6803c8638417ea84f7e2316c0fe89	0.5010810810810811
31e82a9c140e4e27bfe1df42f73d676b	0.5221621621621622
71ab2afb42be48b4ae397e05718d986d	0.5432432432432432
1ac2cb661fc748c5b4b3d4c9af18cd5e	0.3324324324324324
f47815874fd241a7b99ffdd3df457018	0.28725868725868725
59776a87560e45d4adab4684cc521551	0.45540540540540536
29f7af74a23248908597e9812c411e43	0.6034749034749034
dab03efe3f39411cbdbcc02e71f04c3d	0.43783783783783786
e909b8bf7749475a9972c53f57fc4091	0.45700245700245706
2b60312146fd4f23b5d40ebcc071d360	0.22702702702702698
ffedcaf2a528486db17f535213464130	0.6486486486486487
c978e38ea7ae4a69883bcc24ff8448f4	0.26918918918918927
195094b9d380401c8fa5d7bd70b03e6e	0.498069498069498
606fddfe3adc46ffb39098fcb44e7cb9	0.38162162162162167
2fdb0778d9524eeea502a827a9c2c681	0.3386327503974563
a7d73f15d3334a828a7b54c88a4d99f3	0.41867321867321866
69d5cd9f30c1415a838380d90d3078c2	0.3228501228501229
bc2779a4aa904290b7651997d45fb72b	0.4702702702702704
147fa575549e453d9cb81b59bdac6d8e	0.41441441441441446
63a72aa98f294a04b8f533b40dc505e6	0.3745945945945946
058374d9e27f4c08ad7379d612359d25	0.5432432432432432
ad88ae368dd8482ea1f4376c18ddea49	0.5884169884169885
e300d356a4c3403cb761f92175389229	0.8594594594594593
347fafe1054347ef90d2cb7f7cb2f4b1	0.4822190611664296
6da484f4a130432087e794533ec44eed	0.5924324324324324
1bae3ed7026d4dee8d0a61b71f6b5219	0.4702702702702704
b99694cbaff04b2bafe711de8cac7957	0.5643243243243243
78b299189d434464a6f26b0b836b3464	0.38162162162162167
5a4e7eccad0b4941b979aafceaaa8da3	0.4167567567567568
9fe56f01c0014a2989438ee9de72c35e	0.6486486486486487
51f552d6a17e4aaaa4227aec34863abd	0.5884169884169885
a03b9b6c706d450b9ad4c480b82046fb	0.39099099099099094
2a467cfa717d426c90937fea1e370fed	0.45891891891891884
d79073048b804d818bb4bf6b843bb9d1	0.5370429252782194
c2c2717a69834668801cf391ea05a5a2	0.498069498069498
c4021e2c8f364222b37820ecaad9a971	0.5432432432432432
ca78e613b2544c2abbc55b671f87ff15	0.595945945945946
e16b29ab08c74241935e37514c4eebcd	0.35675675675675683
7311d723f93e4417ab61b91c002068e0	0.4167567567567568
2e57b0718916415580d7c1855f3d9e4a	0.43783783783783786
2be7a9b1d0c748c58e301acf5164f01a	0.43783783783783786
1d1097191e7048a6a19ca3fa256ca6cc	0.6135135135135135
3270cdeae47a46639f61645d6414f452	0.7189189189189189
0e99eb3aa6f34e7794ba5fc36ffab838	0.43783783783783786
edb213e6ad3f42539cf049175e451f1a	0.7013513513513514
3fa04cea431b4ba28749a486b1e5f4c8	0.45891891891891884
a5cc76ab32134daabf4188f2fd762c12	0.36117936117936117
25e316a9fd6c4f56969784892e8f9bac	0.5432432432432432
b408614162524d8fb1e89b0af4136111	0.7277027027027028
f4066721a0df47329a5d41d730abbb15	0.6787644787644789
2304584ad453430f86bcea8e91961e4e	0.40270270270270275
8a3c6a36a68e4649a98b4c14582dbd3c	0.38513513513513514
2d53eaf5b1aa4db1871faa277f43f430	0.3956756756756757
e8e9fdd5987d4683bb9a95f8952adc2b	0.3036855036855037
f0e1da082f3e469b89be6a19d23bb9ab	0.3745945945945946
1271a5f114894ec18a597446a8fddfb8	0.43783783783783786
cb9a3fa7d2d94a1197e4a585636acb14	0.6486486486486487
65899b3dda8444bda384ed1f174d4946	0.46795366795366805
54e35c88861a49519a62d5b658ab577b	0.32072072072072083
8d4a613cb6ad4fdabc635e8bfbd38086	0.45700245700245706
461ff573d2764b6d904ab0c6cae10f00	0.5866454689984102
79b13373e4e64d5f9a14995df7921b1e	0.6954954954954955
90797279dad34aec9ec694f41c46d594	0.5783783783783785
a3a48846ddad4272b3279f2fcc073de7	1.0
d69493cd16884391b5ed6ed61bae18bf	0.8067567567567568
c838d8555fa74935abca3d523440d60a	0.7891891891891893
02b6908ae6ca4624bfdf4f973bccec69	0.8594594594594593
37575bca656146979a7810ce3902e9b7	0.7444717444717444
e6e95c3e766541ffad0c7a8f08600617	0.6697297297297296
959941a0aa8140729656c95847f3ef00	0.732972972972973
bc5481ff15454072b5d8c7e7d167d4bc	0.31737451737451733
370507d17d224946add595d4a920e01a	0.25337837837837834
058faadd6ea94a72bf3b07583f447722	0.38513513513513514
be02dae2b11043868c6640f6390fcbc1	0.22702702702702698
d94d137daf8247ba84c49758db799051	0.45891891891891884
c853f8650f4f409aae70b35af9a41c7f	0.43783783783783786
7b9384baaba347cb9f90dab024c49325	0.3324324324324324
fbe514156b174e1ebf3e3f10c70ffde0	0.3441441441441441
a72dfc6fbbc84fb09c4a43a097e078fd	0.43783783783783786
dcf68045b0a240c88e0e84a236a88efc	0.45540540540540536
0f15dabb42674267a03b05a0665ee42a	0.41441441441441446
c047e0c54a8645a78423cb4da0008595	0.5256756756756757
e175fee864d3401690cd8c5e443387f2	0.5221621621621622
5d0832f361104cb286d0364ca28ac6eb	0.5221621621621622
ed4f98c624894258b7b555fac8692a38	0.15675675675675677
9345f3d6995148db93472af4da3f7956	0.38513513513513514
1298d502b6dd4a39b1d9f2952a4cda26	0.43783783783783786
8112dce5ed894e81bcf2372b742995fe	0.3474903474903475
d48f577c87cf4d21b9b5f4a14caf3659	0.4114864864864865
909f460754ef464ab7d24521e58dce62	0.49533169533169535
05bbdde98cb04f9bbf69593d090911df	0.3587837837837838
863b2c6643af4f5b8507549231a12ab0	0.31737451737451733
2778ab8718454685aab8e062cf31a845	0.40270270270270275
c08d5c1820084294a804e4c7f5ba058d	0.3983108108108108
e5c747c95dad41a082f40391645811ff	0.46795366795366805
f8cebab14ec24a458494638e05867534	0.48301158301158303
1f7edebd2fa8472d95d0a8750ff0fc0d	0.4518918918918919
cf223282fbeb46358aac9f7b94f285f2	0.43783783783783786
fb6554b5c86a4212a15cd4d5c6dea1ed	0.595945945945946
ebefab6db930402c8c985dc26e395480	0.5203290246768508
a8c8c69c43a346348f4288798aab6091	0.6064864864864865
913eebad8139410c9a71b1bb25e48ef9	0.5027027027027027
cbbe060b7ccc4122b72eb5d71b3402e5	0.6386100386100386
83fd2912e1bd4f6fbe83e7b2d7c4a715	0.5569917743830788
e7b60a93c171453b9701f0bb63d59926	0.5783783783783785
8aec906c6df8477fa0cb0d631bc61e7b	0.6135135135135135
b08f0e7ccf0e4516a538c8d99ac96390	0.6185328185328185
4b4c534ecc0440009eaf46b2585e0d39	0.5300675675675677
b9fc67142df0474794654cd3a4779731	0.5432432432432432
08c8cef8877048269946f4ef106b52b8	0.5300675675675677
27cf010766124d9586460a8977bd379f	0.5432432432432432
8bb6985d69e7448ba7fafe871f6f0262	0.4729729729729731
fa27e34c0e4e4320b7686548b1ed96ab	0.4846846846846848
d963d24621a8404285ba7094925390e3	0.5432432432432432
